Price,Age,KM,FuelType,HP,MetColor,Automatic,CC,Doors,Weight
"$13,500 ",23,"46,986",Diesel,90,1,0,2000,3,1165
"$13,750 ",23,"72,937",Diesel,90,1,0,2000,3,1165
"$13,950 ",24,"41,711",Diesel,90,1,0,2000,3,1165
"$14,950 ",26,"48,000",Diesel,90,0,0,2000,3,1165
"$13,750 ",30,"38,500",Diesel,90,0,0,2000,3,1170
"$12,950 ",32,"61,000",Diesel,90,0,0,2000,3,1170
"$16,900 ",27,"94,612",Diesel,90,1,0,2000,3,1245
"$18,600 ",30,"75,889",Diesel,90,1,0,2000,3,1245
"$21,500 ",27,"19,700",Petrol,192,0,0,1800,3,1185
"$12,950 ",23,"71,138",Diesel,69,0,0,1900,3,1105
"$20,950 ",25,"31,461",Petrol,192,0,0,1800,3,1185
"$19,950 ",22,"43,610",Petrol,192,0,0,1800,3,1185
"$19,600 ",25,"32,189",Petrol,192,0,0,1800,3,1185
"$21,500 ",31,"23,000",Petrol,192,1,0,1800,3,1185
"$22,500 ",32,"34,131",Petrol,192,1,0,1800,3,1185
"$22,000 ",28,"18,739",Petrol,192,0,0,1800,3,1185
"$22,750 ",30,"34,000",Petrol,192,1,0,1800,3,1185
"$17,950 ",24,"21,716",Petrol,110,1,0,1600,3,1105
"$16,750 ",24,"25,563",Petrol,110,0,0,1600,3,1065
"$16,950 ",30,"64,359",Petrol,110,1,0,1600,3,1105
"$15,950 ",30,"67,660",Petrol,110,1,0,1600,3,1105
"$16,950 ",29,"43,905",Petrol,110,0,1,1600,3,1170
"$15,950 ",28,"56,349",Petrol,110,1,0,1600,3,1120
"$16,950 ",28,"32,220",Petrol,110,1,0,1600,3,1120
"$16,250 ",29,"25,813",Petrol,110,1,0,1600,3,1120
"$15,950 ",25,"28,450",Petrol,110,1,0,1600,3,1120
"$17,495 ",27,"34,545",Petrol,110,1,0,1600,3,1120
"$15,750 ",29,"41,415",Petrol,110,1,0,1600,3,1120
"$16,950 ",28,"44,142",Petrol,110,0,0,1600,3,1120
"$17,950 ",30,"11,090",Petrol,110,1,0,1600,3,1120
"$12,950 ",29,"9,750",Petrol,97,1,0,1400,3,1100
"$15,750 ",22,"35,199",Petrol,97,1,0,1400,3,1100
"$15,950 ",27,"29,510",Petrol,97,1,0,1400,3,1100
"$14,950 ",26,"32,692",Petrol,97,1,0,1400,3,1100
"$15,500 ",22,"41,000",Petrol,97,1,0,1400,3,1100
"$15,750 ",26,"43,000",Petrol,97,0,0,1400,3,1100
"$15,950 ",25,"25,000",Petrol,97,0,0,1400,3,1100
"$14,950 ",23,"10,000",Petrol,97,1,0,1400,3,1100
"$15,750 ",32,"25,329",Petrol,97,1,0,1400,3,1100
"$14,750 ",27,"27,500",Petrol,97,0,0,1400,3,1100
"$13,950 ",22,"49,059",Petrol,97,0,0,1400,3,1100
"$16,750 ",27,"44,068",Petrol,97,1,0,1400,3,1100
"$13,950 ",22,"46,961",Petrol,97,0,0,1400,3,1100
"$16,950 ",27,"110,404",Diesel,90,0,0,2000,5,1255
"$16,950 ",22,"100,250",Diesel,90,0,0,2000,5,1255
"$19,000 ",23,"84,000",Diesel,90,0,0,2000,5,1270
"$17,950 ",27,"79,375",Diesel,90,1,0,2000,5,1255
"$15,800 ",22,"75,048",Petrol,97,1,0,1400,5,1110
"$17,950 ",22,"72,215",Diesel,90,1,0,2000,5,1255
"$21,950 ",31,"64,982",Petrol,192,1,0,1800,5,1195
"$17,950 ",22,"62,636",Diesel,90,1,0,2000,5,1255
"$15,750 ",30,"57,086",Petrol,97,1,0,1400,5,1110
"$20,500 ",26,"56,000",Petrol,110,1,1,1600,5,1180
"$21,950 ",27,"49,866",Petrol,192,1,0,1800,5,1195
"$15,500 ",25,"49,163",Petrol,110,0,1,1600,5,1165
"$13,250 ",32,"45,725",Petrol,110,1,0,1600,5,1075
"$15,250 ",28,"43,210",Petrol,97,0,0,1400,5,1110
"$15,250 ",26,"43,000",Petrol,97,0,0,1400,5,1110
"$18,950 ",23,"39,704",Petrol,110,1,1,1600,5,1180
"$15,999 ",30,"38,950",Petrol,110,1,0,1600,5,1130
"$14,950 ",22,"37,400",Petrol,97,1,0,1400,5,1110
"$16,500 ",27,"37,177",Petrol,110,0,0,1600,5,1130
"$18,750 ",31,"36,544",Petrol,110,1,0,1600,5,1130
"$17,950 ",30,"33,511",Petrol,110,1,0,1600,5,1130
"$17,950 ",27,"32,809",Petrol,97,1,0,1400,5,1110
"$16,950 ",26,"32,181",Petrol,110,1,0,1600,5,1075
"$18,950 ",28,"30,993",Petrol,110,1,0,1600,5,1130
"$14,950 ",22,"30,400",Petrol,97,1,0,1400,5,1110
"$22,250 ",22,"30,000",Diesel,110,1,0,2000,5,1275
"$15,950 ",25,"29,719",Petrol,97,1,0,1400,5,1110
"$15,950 ",28,"29,206",Petrol,97,1,0,1400,5,1110
"$12,995 ",32,"29,198",Petrol,97,1,0,1400,5,1060
"$18,950 ",28,"28,817",Petrol,110,1,0,1598,5,1130
"$15,750 ",23,"28,227",Petrol,97,1,0,1400,5,1110
"$19,950 ",28,"28,000",Petrol,110,0,0,1600,5,1130
"$16,950 ",23,"28,000",Petrol,110,1,0,1600,5,1115
"$18,750 ",31,"25,266",Petrol,110,1,0,1600,5,1130
"$18,450 ",27,"23,489",Petrol,110,0,0,1600,5,1115
"$16,895 ",29,"22,575",Petrol,110,1,0,1600,5,1115
"$14,900 ",30,"22,000",Petrol,97,1,0,1400,5,1110
"$18,950 ",25,"20,019",Petrol,110,1,1,1600,5,1180
"$17,250 ",29,"20,000",Petrol,110,1,0,1600,5,1115
"$15,450 ",25,"17,003",Petrol,97,1,0,1400,5,1110
"$17,950 ",31,"16,238",Petrol,110,1,1,1600,5,1180
"$16,650 ",25,"15,414",Petrol,97,1,0,1400,5,1110
"$17,450 ",28,"8,537",Petrol,110,1,0,1600,5,1130
"$14,900 ",30,"7,000",Petrol,97,1,0,1400,5,1100
"$17,950 ",20,"66,966",Diesel,90,1,0,2000,3,1245
"$15,950 ",19,"51,884",Petrol,97,1,0,1400,3,1100
"$21,950 ",19,"50,005",Diesel,110,1,0,2000,3,1265
"$16,450 ",20,"48,110",Petrol,97,1,0,1400,3,1100
"$22,250 ",20,"37,500",Diesel,90,1,0,2000,3,1260
"$19,950 ",16,"34,472",Diesel,90,1,0,1995,3,1260
"$15,950 ",20,"33,329",Petrol,97,1,0,1400,3,1100
"$18,900 ",20,"31,850",Petrol,110,0,0,1600,3,1120
"$19,950 ",17,"30,351",Diesel,90,1,0,1995,3,1260
"$15,950 ",19,"29,435",Petrol,97,1,0,1400,3,1100
"$15,950 ",19,"25,948",Petrol,97,1,0,1400,3,1100
"$18,750 ",11,"24,500",Petrol,110,1,0,1600,3,1120
"$17,450 ",18,"23,902",Petrol,97,1,0,1400,3,1100
"$18,990 ",20,"23,175",Petrol,110,1,0,1600,3,1120
"$16,250 ",19,"19,200",Petrol,97,1,0,1400,3,1100
"$18,500 ",13,"18,000",Petrol,71,0,0,1400,3,1125
"$18,500 ",11,"16,123",Petrol,110,1,0,1600,3,1105
"$19,450 ",11,"14,635",Petrol,110,1,1,1600,3,1155
"$16,950 ",19,"13,748",Petrol,97,1,0,1400,3,1100
"$18,800 ",14,"11,500",Petrol,110,1,0,1600,3,1045
"$17,450 ",17,"10,000",Petrol,97,1,0,1400,3,1100
"$17,950 ",20,"7,187",Petrol,110,1,0,1600,3,1105
"$32,500 ",4,1,Diesel,116,0,0,2000,5,1480
"$31,000 ",4,"4,000",Diesel,116,1,0,2000,5,1480
"$31,275 ",4,"1,500",Diesel,116,1,0,2000,5,1480
"$24,950 ",8,"13,253",Diesel,116,1,0,2000,5,1320
"$24,950 ",8,"13,253",Diesel,116,1,0,2000,5,1320
"$22,950 ",7,"10,000",Diesel,116,1,0,2000,5,1270
"$24,990 ",8,"6,000",Diesel,90,1,0,2000,5,1280
"$21,950 ",8,"10,841",Diesel,90,1,0,2000,5,1270
"$17,900 ",7,1,Petrol,110,1,0,1600,3,1105
"$19,250 ",20,"63,000",Diesel,90,1,0,2000,5,1255
"$22,250 ",17,"57,313",Diesel,110,1,0,2000,5,1275
"$18,950 ",13,"57,037",Petrol,110,0,0,1600,5,1115
"$19,950 ",19,"51,099",Diesel,90,1,0,2000,5,1255
"$16,350 ",14,"40,010",Petrol,110,1,0,1600,5,1115
"$18,950 ",20,"39,115",Petrol,110,1,0,1600,5,1130
"$16,950 ",17,"36,012",Petrol,110,0,0,1600,5,1130
"$21,750 ",16,"36,000",Petrol,110,1,0,1600,5,1130
"$15,950 ",20,"36,000",Petrol,110,1,0,1600,5,1075
"$16,500 ",20,"35,000",Petrol,97,1,0,1400,5,1110
"$17,950 ",17,"33,740",Petrol,97,1,0,1400,5,1135
"$15,850 ",13,"33,477",Petrol,110,1,0,1600,5,1075
"$16,250 ",20,"32,627",Petrol,97,1,0,1400,5,1110
"$15,950 ",20,"29,797",Petrol,97,1,0,1400,5,1110
"$16,250 ",19,"29,441",Petrol,97,1,0,1400,5,1110
"$15,950 ",13,"29,371",Petrol,110,1,0,1600,4,1105
"$16,500 ",20,"29,000",Petrol,97,0,0,1400,5,1110
"$16,500 ",19,"27,821",Petrol,97,0,0,1400,5,1110
"$18,450 ",19,"27,371",Petrol,97,0,0,1400,5,1135
"$16,250 ",13,"25,170",Petrol,110,1,0,1600,5,1105
"$23,000 ",11,"25,000",Diesel,116,1,0,2000,5,1320
"$19,900 ",20,"23,000",Petrol,110,1,0,1600,5,1130
"$16,450 ",20,"22,588",Petrol,97,1,0,1400,5,1110
"$23,950 ",19,"21,684",Petrol,192,1,0,1800,5,1185
"$19,950 ",13,"21,428",Petrol,110,1,0,1600,5,1130
"$18,500 ",16,"20,629",Petrol,110,1,0,1600,4,1090
"$18,950 ",15,"20,270",Petrol,110,1,0,1600,5,1130
"$16,450 ",16,"20,105",Petrol,97,0,0,1400,5,1110
"$20,500 ",20,"20,000",Petrol,110,0,1,1600,5,1165
"$24,500 ",13,"19,988",Petrol,110,1,0,1600,5,1130
"$19,450 ",19,"18,328",Petrol,110,0,0,1600,5,1130
"$20,950 ",14,"17,896",Petrol,110,1,1,1600,4,1150
"$17,200 ",20,"17,300",Petrol,97,1,0,1400,5,1110
"$19,950 ",19,"17,038",Petrol,110,0,0,1600,5,1130
"$18,450 ",10,"13,747",Petrol,97,1,0,1400,5,1110
"$19,500 ",12,"13,634",Petrol,110,1,0,1600,5,1115
"$21,750 ",13,"13,178",Petrol,110,1,0,1600,5,1130
"$16,868 ",15,"13,157",Petrol,97,1,0,1400,4,1085
"$19,500 ",16,"13,000",Petrol,110,1,0,1600,4,1105
"$18,900 ",11,"12,500",Petrol,110,1,0,1600,5,1115
"$19,750 ",17,"11,999",Petrol,110,1,0,1600,5,1130
"$19,750 ",16,"11,754",Petrol,110,0,1,1600,5,1180
"$18,950 ",16,"11,000",Petrol,110,1,0,1600,4,1105
"$20,750 ",17,"10,000",Petrol,110,0,0,1598,5,1105
"$19,600 ",9,"7,650",Petrol,110,1,0,1600,5,1115
"$19,500 ",14,"6,500",Petrol,110,1,0,1600,4,1100
"$17,650 ",11,"6,155",Petrol,97,1,0,1400,5,1110
"$19,950 ",14,"6,000",Petrol,110,0,0,1600,5,1130
"$19,950 ",14,"5,459",Petrol,110,1,0,1600,5,1130
"$20,950 ",14,"5,278",Petrol,110,1,1,1600,4,1150
"$20,500 ",12,"5,000",Petrol,110,1,0,1600,5,1130
"$17,795 ",9,1,Petrol,98,1,0,1400,4,1065
"$18,245 ",9,1,Petrol,110,1,0,1600,5,1075
"$23,750 ",8,"11,000",Petrol,110,1,0,1600,5,1130
"$19,500 ",8,"10,077",Petrol,97,1,0,1400,5,1110
"$18,950 ",8,"10,000",Petrol,97,1,0,1400,5,1110
"$21,950 ",8,"9,788",Petrol,110,1,0,1600,5,1130
"$19,950 ",8,"8,574",Petrol,110,1,0,1600,5,1130
"$18,950 ",8,"7,000",Petrol,110,0,0,1600,5,1115
"$19,950 ",7,"6,250",Petrol,110,1,0,1600,5,1115
"$21,950 ",8,"5,000",Petrol,110,1,0,1600,5,1130
"$22,500 ",6,"3,000",Petrol,110,0,0,1600,5,1130
"$18,500 ",7,"2,000",Petrol,110,0,0,1600,5,1075
"$18,700 ",7,450,Petrol,97,1,0,1400,5,1110
"$21,125 ",2,225,Petrol,97,1,0,1400,5,1110
"$21,500 ",2,15,Petrol,110,1,0,1600,5,1130
"$17,795 ",1,1,Petrol,98,1,0,1400,4,1100
"$18,245 ",1,1,Petrol,110,1,0,1600,5,1075
"$6,950 ",43,"243,000",Diesel,69,0,0,1900,3,1110
"$9,500 ",38,"180,638",Diesel,90,0,0,2000,4,1160
"$11,950 ",40,"179,860",Diesel,90,1,0,2000,5,1205
"$7,750 ",43,"178,858",CNG,110,0,0,1600,3,1084
"$11,950 ",40,"161,000",Diesel,69,1,0,1900,3,1105
"$4,350 ",44,"158,320",Diesel,69,0,0,1800,5,1110
"$4,750 ",44,"131,273",Diesel,69,1,0,1800,5,1110
"$11,750 ",40,"130,062",Diesel,69,1,0,1900,5,1140
"$13,250 ",41,"123,425",Diesel,69,1,0,1900,5,1140
"$11,950 ",37,"118,217",Petrol,110,1,0,1600,5,1075
"$11,900 ",44,"110,000",Diesel,69,1,0,1900,5,1095
"$14,750 ",39,"108,847",Diesel,90,1,0,2000,5,1205
"$9,950 ",42,"105,699",Petrol,97,1,0,1400,3,1025
"$11,950 ",39,"98,823",CNG,110,1,0,1600,5,1119
"$11,495 ",44,"96,829",Petrol,110,1,0,1600,5,1075
"$11,250 ",40,"96,518",Petrol,97,1,0,1400,3,1025
"$10,500 ",42,"92,204",Petrol,110,1,0,1600,5,1075
"$10,450 ",35,"91,456",Diesel,69,1,0,1900,3,1110
"$12,950 ",43,"89,968",Diesel,69,1,0,1900,5,1140
"$11,500 ",44,"89,757",Petrol,110,1,0,1600,3,1045
"$12,500 ",40,"85,389",Petrol,110,1,0,1600,5,1075
"$10,950 ",43,"85,017",Petrol,97,0,0,1400,5,1060
"$11,450 ",41,"84,312",Petrol,110,0,0,1600,5,1080
"$11,950 ",37,"82,743",CNG,110,1,0,1600,5,1121
"$13,250 ",41,"81,106",Diesel,69,1,0,1900,5,1140
"$14,750 ",40,"80,425",Diesel,90,1,0,2000,5,1205
"$11,790 ",34,"78,677",Petrol,110,1,1,1600,5,1105
"$11,450 ",40,"78,425",Petrol,110,1,0,1600,5,1075
"$13,500 ",33,"78,108",Diesel,90,1,0,2000,3,1170
"$10,950 ",33,"77,321",Petrol,110,1,0,1600,5,1075
"$13,500 ",33,"75,699",Diesel,69,0,0,1900,3,1105
"$10,950 ",41,"75,697",Petrol,97,1,0,1400,3,1025
"$10,950 ",44,"74,846",Petrol,97,1,0,1400,3,1025
"$12,950 ",38,"74,319",Petrol,110,1,0,1600,5,1075
"$11,950 ",43,"74,285",Petrol,110,1,0,1600,5,1075
"$12,450 ",44,"74,172",Petrol,110,1,0,1600,5,1615
"$11,950 ",40,"73,042",Petrol,110,1,0,1598,5,1075
"$14,950 ",44,"71,793",CNG,110,1,0,1600,4,1067
"$12,450 ",35,"71,200",Petrol,110,1,0,1600,5,1075
"$12,950 ",38,"67,805",Petrol,110,1,0,1600,5,1075
"$11,950 ",35,"65,988",Petrol,110,1,0,1600,3,1040
"$11,690 ",34,"65,345",Petrol,97,1,0,1400,5,1060
"$12,450 ",42,"64,564",Petrol,110,1,0,1600,5,1080
"$12,750 ",36,"63,459",Petrol,97,1,0,1400,5,1060
"$11,925 ",44,"63,451",Petrol,97,0,0,1400,3,1025
"$12,950 ",33,"62,000",Petrol,110,1,0,1600,5,1075
"$11,950 ",42,"61,300",Petrol,97,1,0,1400,3,1030
"$12,900 ",41,"61,200",Petrol,110,1,0,1600,3,1045
"$11,900 ",41,"61,000",Petrol,110,0,0,1600,5,1075
"$11,650 ",38,"60,829",Petrol,110,1,0,1600,5,1075
"$10,950 ",44,"60,500",Petrol,110,0,0,1600,5,1075
"$13,950 ",35,"59,500",Diesel,69,1,0,1900,3,1110
"$13,950 ",44,"59,000",Petrol,110,0,1,1600,5,1110
"$11,950 ",40,"58,954",Petrol,110,1,0,1600,5,1080
"$10,950 ",38,"58,798",Petrol,110,1,0,1600,5,1075
"$12,450 ",38,"58,363",Petrol,110,1,0,1600,3,1055
"$11,950 ",43,"58,277",Petrol,110,1,0,1600,3,1045
"$13,500 ",33,"57,711",Diesel,90,1,0,2000,3,1165
"$11,690 ",33,"57,269",Petrol,110,1,0,1600,5,1075
"$13,500 ",39,"56,001",Petrol,110,1,0,1600,5,1075
"$11,950 ",42,"55,968",Petrol,110,0,0,1600,3,1050
"$12,900 ",39,"55,678",Petrol,110,1,0,1600,4,1030
"$13,500 ",43,"55,539",Petrol,110,1,0,1600,5,1085
"$11,750 ",42,"55,400",Petrol,110,0,0,1600,5,1075
"$11,750 ",33,"55,350",Petrol,110,0,0,1600,5,1075
"$10,850 ",43,"54,600",Petrol,110,0,0,1600,4,1030
"$11,750 ",43,"53,773",Petrol,110,1,0,1600,5,1075
"$14,950 ",42,"53,719",Petrol,110,1,1,1600,5,1105
"$9,940 ",39,"53,644",Petrol,110,1,0,1600,5,1075
"$12,900 ",42,"53,350",Petrol,110,0,0,1600,5,1075
"$13,500 ",38,"53,000",Petrol,110,1,0,1600,5,1075
"$11,750 ",44,"52,084",Petrol,97,1,0,1400,3,1025
"$11,950 ",44,"52,000",Petrol,97,0,0,1400,3,1025
"$13,450 ",33,"51,945",Petrol,110,1,0,1600,5,1075
"$11,950 ",41,"51,732",Petrol,97,1,0,1400,3,1025
"$12,495 ",39,"50,873",Petrol,110,1,0,1600,5,1075
"$13,500 ",41,"50,856",Petrol,110,0,0,1600,4,1030
"$12,750 ",40,"50,640",Petrol,110,1,0,1600,5,1075
"$12,000 ",39,"50,000",Petrol,97,1,0,1400,5,1060
"$11,950 ",38,"49,500",Petrol,110,1,0,1600,5,1075
"$12,495 ",44,"49,332",Petrol,110,1,0,1600,5,1080
"$12,450 ",34,"49,291",Petrol,110,1,0,1600,3,1040
"$14,750 ",40,"48,952",Diesel,90,1,0,2000,5,1205
"$10,950 ",39,"48,945",Petrol,110,0,0,1600,3,1040
"$13,500 ",33,"48,928",Diesel,69,1,0,1900,3,1105
"$12,950 ",38,"48,197",Petrol,110,1,0,1600,5,1075
"$13,500 ",35,"48,052",Diesel,69,1,0,1900,3,1105
"$13,450 ",34,"48,011",Petrol,110,1,0,1600,4,1030
"$13,500 ",43,"48,000",Petrol,110,1,0,1600,5,1075
"$11,480 ",41,"47,350",Petrol,110,1,0,1600,5,1075
"$13,450 ",39,"46,821",Petrol,97,1,0,1400,5,1060
"$11,495 ",39,"46,694",Petrol,110,0,0,1600,3,1040
"$12,750 ",43,"46,515",Petrol,97,0,0,1400,5,1025
"$14,990 ",38,"46,327",Petrol,110,1,0,1600,3,1055
"$12,950 ",35,"46,304",Petrol,97,1,0,1400,5,1060
"$12,950 ",40,"45,886",Petrol,110,1,0,1600,5,1080
"$12,850 ",39,"45,713",Petrol,97,1,0,1400,5,1085
"$13,950 ",40,"45,600",Petrol,110,1,1,1600,5,1105
"$11,950 ",41,"45,287",Petrol,110,1,0,1600,5,1075
"$12,950 ",39,"45,081",Petrol,110,1,0,1600,5,1075
"$11,700 ",40,"44,830",Petrol,110,1,0,1600,5,1075
"$9,950 ",37,"44,757",Petrol,97,0,0,1400,3,1025
"$11,895 ",44,"44,218",Petrol,97,1,0,1400,5,1060
"$12,950 ",43,"43,632",Petrol,110,1,0,1600,5,1075
"$12,500 ",36,"43,427",Petrol,110,1,0,1600,3,1040
"$13,875 ",39,"43,254",Petrol,110,1,0,1600,5,1075
"$10,500 ",35,"43,000",Petrol,110,0,0,1600,3,1050
"$12,295 ",33,"42,823",Petrol,110,1,0,1600,5,1075
"$13,950 ",42,"42,560",Petrol,110,1,0,1600,5,1080
"$10,950 ",38,"41,754",Petrol,110,0,0,1600,3,1040
"$12,950 ",44,"41,499",CNG,110,1,0,1600,5,1103
"$12,850 ",40,"41,339",Petrol,110,1,0,1600,5,1080
"$13,995 ",35,"41,000",Petrol,110,1,0,1600,5,1075
"$13,750 ",39,"40,000",Petrol,110,1,0,1600,3,1055
"$12,750 ",37,"39,757",Petrol,110,1,0,1600,5,1075
"$12,500 ",41,"39,659",Petrol,110,1,0,1600,3,1045
"$13,950 ",43,"39,650",Petrol,110,0,0,1600,3,1055
"$11,500 ",39,"39,524",Petrol,97,1,0,1398,3,1025
"$13,950 ",44,"39,516",Petrol,97,1,0,1400,5,1060
"$11,895 ",41,"39,439",Petrol,97,0,0,1400,5,1060
"$9,950 ",44,"39,000",Petrol,97,1,0,1400,3,1025
"$13,500 ",42,"38,932",Petrol,110,1,0,1600,3,1040
"$11,450 ",37,"38,812",Petrol,97,0,0,1400,3,1025
"$12,450 ",42,"38,665",Petrol,110,1,0,1600,5,1075
"$12,950 ",40,"38,653",Petrol,110,1,0,1600,5,1080
"$13,995 ",44,"38,461",Petrol,110,1,0,1600,5,1080
"$11,750 ",42,"38,078",Petrol,97,0,0,1400,3,1025
"$11,650 ",39,"37,782",Petrol,97,1,0,1400,5,1060
"$9,950 ",43,"37,576",Petrol,97,0,0,1400,3,1030
"$13,950 ",41,"37,533",Petrol,110,1,0,1600,5,1075
"$12,950 ",44,"37,389",Petrol,110,1,0,1600,5,1080
"$10,950 ",38,"37,320",Petrol,97,1,0,1400,3,1025
"$9,900 ",42,"37,000",Petrol,97,1,0,1400,3,1025
"$11,950 ",44,"37,000",Petrol,110,0,0,1600,4,1075
"$11,990 ",40,"36,566",Petrol,110,0,0,1600,5,1090
"$10,750 ",36,"36,269",Petrol,110,1,0,1600,5,1075
"$13,950 ",37,"36,074",Petrol,110,1,1,1600,5,1075
"$11,250 ",44,"36,066",Petrol,110,1,0,1600,3,1040
"$12,950 ",39,"34,599",Petrol,110,1,0,1600,5,1075
"$11,950 ",41,"34,000",Petrol,110,1,0,1600,5,1075
"$10,950 ",42,"33,623",Petrol,97,1,0,1400,3,1025
"$12,950 ",33,"33,591",Petrol,110,1,0,1600,5,1075
"$12,950 ",35,"33,258",Petrol,110,1,0,1600,5,1075
"$11,695 ",43,"33,113",Petrol,110,1,0,1600,5,1075
"$11,000 ",41,"33,000",Petrol,110,1,1,1600,5,1075
"$13,950 ",35,"32,941",Petrol,110,1,0,1600,5,1080
"$11,950 ",38,"32,781",Petrol,110,0,0,1600,5,1075
"$11,750 ",40,"32,532",Petrol,110,1,0,1600,3,1040
"$12,400 ",34,"32,431",Petrol,97,1,0,1400,5,1060
"$12,500 ",35,"32,000",Petrol,110,0,0,1600,3,1040
"$12,900 ",33,"31,000",Petrol,110,1,0,1600,5,1075
"$12,200 ",41,"30,989",Petrol,110,0,0,1600,3,1045
"$12,750 ",43,"30,742",Petrol,110,1,0,1600,3,1040
"$11,950 ",42,"30,190",Petrol,110,1,0,1600,5,1075
"$11,900 ",41,"29,716",Petrol,116,1,0,1600,5,1075
"$11,950 ",44,"29,716",Petrol,110,1,1,1600,3,1070
"$14,950 ",42,"29,640",Petrol,110,0,0,1600,3,1055
"$11,950 ",41,"29,056",Petrol,97,1,0,1400,5,1060
"$12,950 ",33,"28,715",Petrol,110,1,0,1600,5,1075
"$14,950 ",41,"28,571",Petrol,110,0,0,1600,5,1090
"$13,450 ",40,"28,362",Petrol,110,1,0,1600,3,1040
"$13,750 ",38,"28,150",Petrol,110,1,0,1600,5,1075
"$12,950 ",43,"27,301",Petrol,110,1,0,1600,3,1040
"$12,750 ",33,"27,240",Petrol,110,1,0,1600,5,1075
"$11,895 ",39,"27,170",Petrol,97,1,0,1400,5,1060
"$9,950 ",42,"27,141",Petrol,97,1,0,1400,5,1060
"$12,450 ",38,"26,262",Petrol,110,1,0,1600,5,1075
"$12,500 ",38,"26,000",Petrol,97,1,0,1400,5,1060
"$14,950 ",43,"25,228",Petrol,110,1,0,1600,3,1045
"$13,750 ",39,"25,062",Petrol,110,1,0,1600,5,1080
"$12,695 ",39,"24,723",Petrol,110,1,1,1600,4,1060
"$14,990 ",33,"24,650",Petrol,110,1,0,1600,3,1055
"$12,750 ",43,"24,553",Petrol,110,1,0,1600,5,1080
"$14,350 ",41,"24,475",Petrol,110,1,0,1600,5,1030
"$12,950 ",39,"24,444",Petrol,110,1,0,1600,3,1040
"$11,500 ",35,"24,011",Petrol,97,0,0,1400,3,1025
"$11,950 ",41,"24,000",Petrol,97,1,0,1400,3,1025
"$13,450 ",40,"23,616",Petrol,110,1,0,1600,5,1075
"$12,900 ",38,"22,865",Petrol,110,1,0,1600,5,1075
"$10,500 ",41,"22,780",Petrol,86,1,0,1300,5,1035
"$10,950 ",35,"21,904",Petrol,97,0,0,1400,3,1025
"$11,950 ",41,"21,651",Petrol,97,0,0,1400,3,1025
"$11,450 ",37,"21,500",Petrol,110,1,0,1600,5,1030
"$13,250 ",44,"21,027",Petrol,110,1,0,1600,5,1080
"$10,250 ",39,"18,500",Petrol,110,0,0,1600,4,1030
"$13,995 ",35,"18,000",Petrol,110,1,0,1600,5,1075
"$11,950 ",40,"17,051",Petrol,97,0,0,1400,5,1060
"$13,250 ",33,"16,512",Petrol,97,1,0,1400,5,1085
"$12,950 ",40,"16,325",Petrol,110,1,0,1600,5,1080
"$11,750 ",38,"16,000",Petrol,97,1,0,1400,5,1060
"$11,500 ",39,"12,000",Petrol,110,1,0,1600,5,1075
"$13,500 ",43,"10,000",Petrol,97,1,0,1400,5,1060
"$6,500 ",53,"216,000",Diesel,69,0,0,1900,3,1110
"$6,400 ",51,"198,167",Diesel,69,0,0,1900,4,1095
"$7,000 ",53,"176,000",Diesel,69,0,0,1900,3,1105
"$7,750 ",54,"174,139",Diesel,72,1,0,2000,4,1100
"$8,900 ",45,"174,000",Diesel,69,1,0,1900,5,1095
"$8,500 ",55,"150,000",CNG,110,1,0,1600,3,1075
"$8,950 ",54,"149,329",Diesel,72,1,0,2000,5,1135
"$9,900 ",51,"146,736",Petrol,110,1,0,1600,5,1080
"$10,250 ",53,"143,513",Diesel,69,0,0,1900,5,1140
"$9,250 ",48,"142,130",CNG,110,0,0,1600,5,1119
"$7,750 ",48,"140,700",Diesel,69,1,0,1900,5,1110
"$9,450 ",54,"138,394",Diesel,69,1,0,1900,4,1095
"$7,750 ",55,"137,000",Diesel,72,1,0,2000,5,1135
"$8,250 ",52,"135,258",Diesel,69,1,0,1900,5,1140
"$9,950 ",49,"131,364",Petrol,110,1,0,1600,5,1075
"$4,450 ",56,"129,155",Diesel,69,0,0,1800,5,1110
"$9,950 ",50,"126,110",Petrol,110,0,0,1600,3,1055
"$9,000 ",48,"119,742",Petrol,110,1,0,1600,5,1080
"$9,950 ",53,"117,913",Diesel,69,1,0,1900,5,1110
"$12,450 ",47,"117,430",Diesel,90,1,0,2000,3,1165
"$10,500 ",55,"117,175",Petrol,110,1,0,1600,4,1035
"$10,750 ",54,"115,558",Petrol,110,1,0,1600,4,1035
"$8,950 ",53,"115,113",Petrol,97,1,0,1400,3,1025
"$10,500 ",54,"115,046",Diesel,69,1,0,1900,5,1140
"$5,150 ",56,"113,997",Diesel,72,1,0,2000,5,1135
"$10,950 ",49,"107,859",Petrol,97,0,0,1400,5,1060
"$9,450 ",52,"104,805",Petrol,97,1,0,1400,3,1025
"$9,950 ",54,"103,454",Petrol,110,1,0,1600,5,1075
"$10,950 ",51,"103,018",Diesel,69,0,0,1900,5,1140
"$11,900 ",47,"102,352",Petrol,110,1,0,1600,5,1080
"$9,950 ",50,"102,030",Petrol,97,1,0,1400,5,1060
"$11,950 ",54,"101,352",Petrol,110,0,0,1600,5,1080
"$7,900 ",50,"99,865",Petrol,110,1,0,1600,4,1035
"$10,950 ",52,"99,323",Petrol,110,1,0,1600,3,1055
"$8,950 ",48,"98,100",Diesel,69,1,0,1900,5,1140
"$11,950 ",51,"98,040",Petrol,110,0,0,1600,5,1080
"$10,900 ",49,"97,600",Petrol,110,1,0,1600,3,1045
"$9,950 ",55,"97,234",Petrol,110,0,0,1600,5,1080
"$9,950 ",51,"96,135",Diesel,72,0,0,2000,3,1115
"$10,950 ",54,"96,100",Petrol,110,1,0,1600,5,1080
"$8,950 ",55,"94,401",Diesel,72,0,0,2000,3,1115
"$8,950 ",55,"94,122",Petrol,86,1,0,1300,3,1015
"$10,500 ",49,"91,340",Petrol,110,1,0,1600,3,1055
"$8,950 ",53,"90,200",Petrol,97,0,0,1400,3,1025
"$9,250 ",53,"90,097",Diesel,69,1,0,1900,5,1140
"$11,500 ",48,"89,049",Petrol,97,1,0,1400,5,1060
"$9,750 ",52,"89,000",Petrol,110,0,0,1600,5,1075
"$9,950 ",45,"87,274",Petrol,110,1,0,1600,3,1040
"$11,450 ",49,"86,221",Petrol,110,0,0,1600,3,1045
"$12,500 ",54,"84,598",Petrol,110,0,0,1600,5,1075
"$10,500 ",50,"83,567",Petrol,110,0,0,1600,5,1075
"$12,950 ",50,"83,106",Petrol,110,1,0,1600,5,1075
"$12,200 ",50,"82,805",Petrol,110,1,0,1600,3,1040
"$10,950 ",50,"82,735",Petrol,97,1,0,1400,3,1030
"$10,950 ",54,"81,905",Petrol,110,1,0,1600,5,1105
"$11,290 ",49,"80,320",Petrol,110,1,1,1600,3,1070
"$10,750 ",49,"80,090",Petrol,97,1,0,1400,3,1030
"$10,895 ",53,"79,800",Petrol,110,0,0,1600,5,1075
"$11,500 ",47,"78,785",CNG,110,1,0,1600,5,1119
"$9,750 ",48,"78,600",Petrol,110,1,0,1600,5,1075
"$10,250 ",55,"77,780",Petrol,110,0,0,1600,3,1040
"$12,500 ",49,"77,648",Petrol,110,0,0,1600,4,1030
"$11,950 ",54,"77,270",Petrol,110,1,0,1600,4,1035
"$10,750 ",50,"76,167",Petrol,97,1,0,1400,5,1060
"$11,450 ",46,"75,249",Petrol,110,1,0,1600,4,1035
"$11,950 ",54,"75,231",Petrol,110,1,0,1600,5,1080
"$11,750 ",48,"75,045",Petrol,110,1,0,1600,3,1055
"$10,950 ",50,"74,849",Petrol,110,1,1,1600,4,1060
"$11,950 ",55,"74,715",Petrol,110,1,0,1600,5,1080
"$10,995 ",49,"74,656",Diesel,69,0,0,1900,3,1105
"$11,450 ",56,"74,500",Petrol,97,0,0,1400,3,1025
"$8,900 ",49,"74,494",Petrol,110,1,0,1600,5,1075
"$10,500 ",50,"73,634",Petrol,110,0,0,1587,5,1075
"$11,750 ",47,"73,403",Petrol,110,1,0,1600,5,1075
"$11,450 ",49,"73,175",Petrol,97,1,0,1400,3,1030
"$12,000 ",52,"73,000",Petrol,110,0,0,1600,3,1055
"$11,950 ",50,"72,242",Petrol,110,0,1,1600,3,1070
"$9,850 ",53,"72,000",Petrol,97,1,0,1400,3,1025
"$10,950 ",54,"71,725",Petrol,110,1,0,1600,4,1035
"$10,950 ",54,"71,276",Petrol,110,0,0,1600,5,1080
"$8,695 ",50,"70,440",Diesel,69,1,0,1900,3,1105
"$10,990 ",53,"70,239",Petrol,110,0,0,1600,3,1040
"$9,500 ",55,"69,813",Petrol,97,1,0,1400,3,1025
"$11,950 ",49,"69,659",Petrol,86,0,0,1300,3,1025
"$10,750 ",46,"69,574",Petrol,97,0,0,1400,5,1065
"$8,750 ",47,"69,000",Diesel,69,1,0,1900,5,1140
"$8,750 ",49,"68,565",Petrol,110,1,0,1600,4,1030
"$11,450 ",55,"68,520",Diesel,72,1,0,2000,3,1115
"$9,950 ",46,"68,414",Petrol,97,0,0,1400,3,1025
"$11,950 ",56,"66,777",Petrol,110,0,0,1600,5,1090
"$13,950 ",52,"66,527",Petrol,110,1,0,1600,5,1080
"$11,250 ",54,"66,063",Petrol,110,1,0,1600,5,1090
"$10,900 ",50,"65,471",Petrol,97,1,0,1400,5,1060
"$9,750 ",56,"65,400",Petrol,97,1,0,1400,3,1025
"$9,950 ",52,"65,170",Petrol,97,1,0,1400,3,1025
"$11,950 ",56,"65,000",Petrol,110,1,0,1600,5,1075
"$10,450 ",48,"64,193",Petrol,110,1,0,1600,3,1040
"$8,950 ",54,"64,000",Petrol,97,1,0,1400,3,1025
"$10,250 ",54,"63,792",Petrol,110,1,0,1600,5,1075
"$9,930 ",53,"63,635",Petrol,110,1,0,1600,4,1035
"$10,500 ",54,"63,135",Petrol,110,1,0,1600,3,1050
"$11,950 ",54,"63,123",Petrol,110,1,0,1600,4,1035
"$11,500 ",48,"63,000",Diesel,69,1,0,1900,5,1140
"$11,500 ",55,"63,000",Petrol,110,0,0,1600,4,1035
"$11,450 ",54,"62,987",Petrol,110,0,0,1600,5,1080
"$9,900 ",56,"62,751",Petrol,110,0,0,1600,3,1050
"$9,500 ",54,"62,519",Petrol,97,0,0,1400,3,1025
"$10,500 ",50,"62,280",Petrol,97,1,0,1400,5,1060
"$10,750 ",50,"61,672",Petrol,110,0,0,1600,5,1075
"$8,950 ",54,"61,000",Diesel,69,0,0,2000,5,1140
"$12,000 ",56,"61,000",Petrol,110,1,0,1600,3,1050
"$9,940 ",53,"60,558",Petrol,110,1,0,1600,4,1105
"$10,950 ",47,"60,348",Petrol,110,0,0,1600,4,1030
"$10,750 ",54,"60,239",Petrol,110,1,0,1600,5,1075
"$9,799 ",51,"59,000",Petrol,97,1,0,1400,3,1025
"$11,750 ",51,"58,761",Petrol,97,0,0,1300,5,1060
"$11,950 ",54,"58,745",Petrol,110,1,0,1600,4,1035
"$11,250 ",52,"58,596",Petrol,110,1,0,1600,3,1045
"$11,750 ",54,"58,530",Petrol,110,0,0,1600,5,1075
"$10,950 ",55,"58,377",Petrol,110,1,0,1600,3,1050
"$11,250 ",56,"58,142",Petrol,110,1,0,1600,5,1080
"$9,950 ",53,"57,948",Petrol,97,1,0,1400,3,1025
"$9,700 ",51,"57,645",Petrol,110,0,0,1600,5,1080
"$11,950 ",47,"57,500",Petrol,110,1,0,1600,4,1105
"$9,900 ",53,"57,475",Petrol,110,0,0,1600,3,1040
"$9,990 ",55,"56,743",Petrol,110,0,0,1600,3,1045
"$9,475 ",48,"56,675",Petrol,97,1,0,1400,3,1025
"$11,500 ",54,"55,877",Petrol,110,1,0,1600,5,1075
"$11,950 ",53,"55,500",Petrol,110,1,0,1600,4,1035
"$11,500 ",55,"54,900",Petrol,97,1,0,1400,5,1060
"$10,500 ",50,"54,465",Petrol,110,0,0,1600,5,1075
"$10,900 ",46,"53,700",Petrol,97,1,0,1400,5,1060
"$11,700 ",52,"53,561",Petrol,97,1,0,1400,5,1060
"$11,900 ",51,"53,408",Petrol,110,1,0,1600,5,1080
"$13,950 ",51,"53,268",Petrol,110,1,0,1600,5,1080
"$10,950 ",49,"53,116",Petrol,97,1,0,1400,3,1025
"$10,500 ",56,"52,448",Petrol,97,0,0,1400,3,1025
"$10,750 ",55,"52,149",Petrol,97,1,0,1400,3,1085
"$11,950 ",55,"52,141",Petrol,110,1,0,1600,5,1070
"$10,000 ",56,"52,000",Petrol,97,0,0,1400,3,1025
"$10,495 ",48,"50,967",Petrol,97,1,0,1400,5,1060
"$11,450 ",50,"50,400",Petrol,110,0,0,1600,5,1080
"$9,400 ",54,"50,000",Petrol,97,1,0,1400,3,1025
"$11,950 ",51,"50,000",Petrol,86,1,0,1300,5,1045
"$9,650 ",53,"49,969",Petrol,110,0,0,1600,5,1075
"$18,950 ",49,"49,568",Petrol,110,1,0,1600,3,1105
"$11,450 ",51,"49,473",Petrol,110,0,0,1600,3,1055
"$10,250 ",52,"49,432",Petrol,110,1,0,1600,3,1050
"$11,450 ",48,"49,417",Petrol,110,1,0,1600,3,1045
"$9,950 ",54,"49,366",Petrol,97,1,0,1400,3,1025
"$10,500 ",56,"48,731",Petrol,110,1,0,1600,3,1055
"$13,750 ",54,"48,370",Petrol,110,1,0,1600,5,1080
"$9,950 ",48,"48,071",Petrol,97,0,0,1400,3,1025
"$10,250 ",54,"47,852",Petrol,110,1,0,1600,4,1030
"$10,850 ",54,"47,768",Petrol,110,0,0,1600,3,1055
"$11,895 ",52,"47,689",Petrol,110,0,0,1600,5,1075
"$12,950 ",53,"47,451",Petrol,110,1,0,1600,3,1055
"$11,950 ",50,"47,219",Petrol,110,1,0,1600,5,1080
"$10,750 ",56,"47,211",Petrol,110,1,0,1600,5,1070
"$9,550 ",54,"46,856",Petrol,97,0,0,1400,5,1060
"$10,950 ",56,"46,500",Petrol,86,0,0,1300,5,1035
"$11,750 ",52,"46,449",Petrol,110,1,0,1600,4,1035
"$10,950 ",47,"46,391",Petrol,110,0,0,1600,5,1075
"$12,450 ",54,"46,230",Petrol,110,1,0,1600,3,1055
"$10,500 ",52,"46,029",Petrol,110,1,0,1600,4,1030
"$10,900 ",50,"46,000",Petrol,97,0,0,1400,3,1025
"$12,950 ",50,"45,900",Petrol,110,1,0,1600,5,1075
"$10,950 ",47,"45,850",Petrol,97,0,0,1400,5,1060
"$12,500 ",56,"45,336",Petrol,110,1,0,1600,5,1080
"$9,950 ",55,"44,537",Petrol,97,0,0,1400,3,1025
"$10,750 ",56,"43,700",Petrol,86,1,0,1300,3,1025
"$12,500 ",48,"43,120",Petrol,97,1,0,1400,3,1030
"$10,450 ",49,"41,710",Petrol,110,0,0,1600,3,1040
"$10,750 ",52,"41,700",Petrol,97,1,0,1400,3,1025
"$12,950 ",49,"41,636",Petrol,110,1,0,1600,5,1105
"$10,995 ",50,"41,273",Petrol,97,0,0,1400,5,1060
"$11,950 ",49,"40,836",Petrol,110,0,1,1600,3,1075
"$11,250 ",50,"40,400",Petrol,97,1,0,1400,5,1060
"$11,950 ",47,"40,361",Petrol,110,1,0,1600,5,1090
"$13,750 ",54,"40,325",Petrol,86,0,0,1300,5,1045
"$11,000 ",47,"40,000",Petrol,110,0,0,1600,5,1080
"$13,500 ",50,"39,706",Petrol,110,1,0,1600,5,1080
"$10,950 ",54,"39,291",Petrol,110,1,0,1600,3,1040
"$10,750 ",54,"39,000",Petrol,97,0,0,1400,3,1025
"$8,950 ",47,"38,900",Petrol,97,1,0,1400,3,1025
"$12,950 ",51,"38,403",Petrol,110,0,0,1600,3,1055
"$9,750 ",56,"37,461",Petrol,97,0,0,1400,3,1025
"$10,900 ",54,"37,000",Petrol,97,1,0,1400,3,1025
"$10,995 ",55,"36,406",Petrol,110,1,0,1600,4,1035
"$10,750 ",48,"36,005",Petrol,97,1,0,1400,5,1065
"$10,950 ",52,"36,000",Petrol,110,1,0,1600,5,1075
"$13,000 ",49,"36,000",Petrol,110,0,0,1600,5,1080
"$12,950 ",45,"36,000",Petrol,110,1,1,1600,3,1070
"$11,500 ",52,"35,823",Petrol,110,0,0,1600,5,1075
"$10,950 ",56,"35,230",Petrol,97,0,0,1400,3,1025
"$11,710 ",48,"35,142",Petrol,110,0,0,1600,3,1055
"$9,980 ",49,"34,890",Petrol,97,0,0,1400,3,1025
"$12,250 ",51,"34,882",Petrol,110,1,0,1600,5,1075
"$11,500 ",46,"34,000",Petrol,110,1,0,1600,5,1075
"$11,950 ",56,"33,998",Petrol,110,0,0,1600,5,1080
"$11,500 ",55,"33,230",Petrol,110,0,0,1600,3,1050
"$11,900 ",46,"33,021",Petrol,110,1,0,1600,5,1080
"$11,930 ",49,"31,999",Petrol,97,0,0,1400,3,1030
"$10,500 ",52,"31,579",Petrol,97,0,0,1400,3,1025
"$8,950 ",56,"31,000",Petrol,97,0,0,1400,3,1025
"$10,450 ",46,"30,806",Petrol,97,1,0,1400,5,1060
"$10,500 ",55,"30,461",Petrol,86,1,0,1300,5,1050
"$12,950 ",50,"29,686",Petrol,110,1,1,1600,3,1075
"$9,950 ",55,"29,650",Petrol,86,0,0,1300,3,1025
"$12,900 ",52,"29,500",Petrol,110,1,0,1600,3,1055
"$9,950 ",48,"28,656",Petrol,97,0,0,1400,3,1085
"$9,950 ",55,"27,500",Petrol,97,1,0,1400,3,1025
"$10,950 ",48,"26,938",Petrol,110,1,0,1600,3,1040
"$10,950 ",53,"26,624",Petrol,97,0,0,1400,5,1060
"$9,950 ",47,"26,221",Petrol,97,1,0,1400,3,1025
"$10,950 ",50,"22,648",Petrol,97,1,0,1400,5,1060
"$10,800 ",50,"22,500",Petrol,97,1,0,1400,3,1025
"$10,500 ",56,"19,313",Petrol,97,0,0,1400,3,1025
"$10,450 ",50,"17,619",Petrol,110,0,0,1600,4,1030
"$10,600 ",51,"17,069",Petrol,97,1,0,1400,3,1025
"$10,450 ",48,"15,000",Petrol,97,1,0,1400,3,1025
"$12,950 ",50,"10,210",Petrol,97,0,0,1400,5,1065
"$11,250 ",47,"5,309",Petrol,110,1,1,1600,3,1070
"$7,500 ",50,1,Diesel,90,1,0,2000,3,1260
"$8,950 ",52,"31,000",Petrol,97,0,0,1398,3,1025
"$6,950 ",58,"205,000",Diesel,72,1,0,2000,4,1100
"$7,900 ",68,"204,250",Diesel,72,0,0,2000,3,1115
"$5,950 ",68,"194,545",Petrol,86,0,0,1300,4,1000
"$7,500 ",59,"190,900",Diesel,72,1,0,2000,3,1115
"$7,500 ",62,"183,500",Diesel,72,1,0,2000,5,1140
"$6,900 ",65,"176,184",Diesel,72,1,0,2000,3,1115
"$5,751 ",67,"174,833",Diesel,72,0,0,2000,4,1100
"$6,950 ",68,"155,720",Petrol,86,1,0,1300,3,1015
"$7,950 ",67,"155,500",Petrol,110,1,0,1600,5,1050
"$7,750 ",59,"154,783",Diesel,72,1,0,2000,3,1120
"$7,950 ",64,"154,462",Diesel,72,1,0,2000,5,1135
"$8,250 ",64,"150,585",Petrol,110,1,0,1600,3,1065
"$6,250 ",67,"149,000",Diesel,90,1,0,2000,5,1135
"$9,500 ",62,"147,636",Diesel,72,0,0,2000,5,1135
"$6,900 ",59,"144,521",Diesel,72,1,0,2000,5,1135
"$8,450 ",64,"144,000",CNG,110,1,0,1600,3,1065
"$7,350 ",65,"140,168",Diesel,72,1,0,2000,3,1115
"$8,950 ",68,"140,000",Petrol,110,1,0,1600,5,1085
"$6,900 ",60,"139,800",Diesel,72,0,0,2000,3,1115
"$8,950 ",59,"137,050",CNG,110,1,0,1600,3,1078
"$8,750 ",61,"136,956",Petrol,110,0,0,1600,3,1065
"$7,950 ",67,"135,337",CNG,110,1,0,1600,5,1120
"$8,950 ",64,"133,769",Diesel,72,1,0,2000,3,1120
"$8,950 ",58,"133,405",Diesel,72,1,0,2000,5,1135
"$8,950 ",65,"132,807",Diesel,72,1,0,2000,5,1135
"$7,950 ",64,"132,393",Diesel,72,0,0,2000,5,1135
"$7,750 ",60,"130,270",Petrol,110,0,0,1600,3,1050
"$7,500 ",59,"130,000",Diesel,72,1,0,2000,4,1135
"$8,950 ",67,"127,000",Diesel,72,1,0,2000,5,1135
"$9,800 ",67,"126,800",Diesel,72,0,0,2000,5,1135
"$9,450 ",66,"126,452",Petrol,110,1,0,1600,5,1085
"$8,950 ",62,"125,175",Diesel,116,0,0,2000,5,1150
"$8,750 ",68,"125,000",Diesel,72,1,0,2000,3,1115
"$10,500 ",61,"123,000",Diesel,72,0,0,2000,5,1135
"$7,995 ",59,"121,626",Petrol,86,0,0,1300,5,1050
"$10,450 ",64,"120,400",Petrol,110,0,0,1600,5,1090
"$9,950 ",66,"120,000",Diesel,72,0,0,2000,4,1100
"$9,950 ",68,"119,541",Petrol,110,0,0,1600,3,1055
"$8,950 ",68,"119,500",Petrol,110,1,0,1600,5,1070
"$7,950 ",68,"119,289",Petrol,110,1,0,1600,4,1035
"$10,950 ",57,"118,833",Petrol,110,0,0,1600,3,1065
"$9,950 ",64,"118,000",Diesel,72,1,0,2000,5,1150
"$8,600 ",68,"117,955",Petrol,110,1,1,1600,4,1065
"$7,250 ",65,"117,609",Petrol,86,0,0,1300,3,1015
"$6,950 ",68,"117,000",Diesel,72,0,0,2000,3,1115
"$8,000 ",64,"116,000",Petrol,86,0,0,1300,5,1045
"$9,950 ",58,"115,715",Petrol,110,0,0,1600,5,1070
"$9,450 ",60,"115,191",CNG,110,1,0,1600,4,1079
"$7,950 ",68,"115,071",Petrol,110,1,0,1600,3,1055
"$9,450 ",63,"115,000",CNG,110,0,0,1600,3,1109
"$9,950 ",64,"114,846",Petrol,110,1,0,1600,5,1075
"$6,950 ",65,"114,383",Diesel,90,0,0,2000,3,1260
"$8,250 ",59,"113,700",Petrol,110,1,0,1600,5,1065
"$9,950 ",67,"113,118",Petrol,86,1,0,1300,3,1020
"$8,250 ",59,"112,827",Petrol,86,1,0,1300,5,1040
"$9,950 ",68,"112,116",Petrol,110,1,0,1600,5,1070
"$10,500 ",66,"112,000",Petrol,110,1,0,1600,3,1065
"$7,950 ",62,"112,000",Diesel,72,0,0,2000,4,1135
"$9,750 ",65,"111,769",Petrol,110,0,0,1600,3,1065
"$9,250 ",61,"110,853",Petrol,110,1,0,1600,5,1070
"$9,500 ",68,"110,287",Petrol,110,1,0,1600,3,1050
"$9,950 ",62,"109,547",Petrol,110,0,0,1600,5,1075
"$7,750 ",63,"109,230",Petrol,110,0,0,1600,3,1050
"$9,500 ",68,"109,150",Petrol,110,0,0,1600,5,1075
"$9,950 ",67,"108,793",Petrol,110,1,0,1600,4,1035
"$9,750 ",64,"106,784",Petrol,110,0,1,1600,3,1050
"$9,750 ",58,"105,942",Petrol,86,0,0,1300,5,1040
"$5,950 ",59,"105,000",Petrol,86,1,0,1300,3,1015
"$8,500 ",62,"105,000",Petrol,86,0,0,1300,5,1040
"$8,495 ",68,"104,299",Petrol,110,1,0,1600,5,1085
"$9,250 ",67,"104,000",Petrol,86,0,0,1300,3,1020
"$6,900 ",68,"104,000",Petrol,86,1,0,1300,3,1015
"$8,950 ",58,"103,458",Petrol,86,1,0,1300,3,1025
"$9,500 ",63,"103,400",Petrol,110,1,0,1600,5,1075
"$9,250 ",63,"102,807",Petrol,86,0,0,1300,5,1055
"$9,895 ",68,"102,494",Petrol,110,0,0,1600,5,1090
"$9,950 ",57,"102,300",Diesel,72,1,0,2000,5,1135
"$7,950 ",61,"102,106",Petrol,110,0,0,1600,3,1050
"$8,750 ",68,"101,889",Petrol,110,1,0,1600,5,1075
"$8,250 ",57,"101,791",Diesel,72,0,0,2000,3,1115
"$8,950 ",63,"101,469",Petrol,110,1,0,1600,3,1065
"$8,950 ",68,"101,001",Petrol,110,0,0,1600,5,1075
"$8,950 ",61,"100,748",Petrol,110,0,0,1600,5,1070
"$8,950 ",65,"100,550",Petrol,110,1,0,1600,5,1075
"$9,450 ",67,"99,781",Petrol,110,1,0,1600,5,1085
"$8,950 ",59,"98,658",Petrol,86,1,0,1300,3,1020
"$9,250 ",65,"98,500",Petrol,110,1,0,1600,5,1075
"$8,750 ",64,"98,291",Petrol,86,0,0,1300,4,1000
"$9,950 ",61,"97,648",Petrol,110,1,0,1600,3,1065
"$9,950 ",61,"97,425",Petrol,110,1,0,1600,5,1075
"$9,900 ",65,"97,173",Petrol,86,0,0,1300,3,1015
"$8,950 ",66,"97,046",Petrol,86,1,0,1300,4,1000
"$8,950 ",67,"96,000",Petrol,110,1,0,1600,3,1050
"$12,250 ",60,"96,000",Diesel,72,0,0,2000,4,1100
"$9,250 ",67,"95,750",Petrol,110,1,0,1600,5,1070
"$10,250 ",61,"95,147",Petrol,110,1,0,1600,3,1050
"$8,950 ",68,"95,000",Petrol,110,0,0,1600,3,1050
"$7,999 ",65,"95,000",Petrol,110,1,0,1600,3,1050
"$9,900 ",66,"94,606",Petrol,110,0,0,1600,3,1065
"$8,250 ",63,"94,504",Petrol,86,1,0,1300,4,1000
"$10,500 ",65,"93,428",Petrol,110,1,0,1600,5,1075
"$8,450 ",65,"93,408",Petrol,86,0,0,1300,3,1015
"$9,900 ",68,"93,296",Petrol,110,1,0,1600,5,1090
"$10,500 ",62,"93,098",Petrol,110,1,0,1600,5,1075
"$8,500 ",67,"92,922",Diesel,72,1,0,2000,4,1100
"$9,500 ",61,"92,498",Petrol,110,1,0,1600,3,1050
"$9,450 ",65,"92,226",Petrol,110,0,0,1600,3,1065
"$9,900 ",68,"91,505",Diesel,72,0,0,2000,3,1115
"$8,250 ",64,"91,333",Petrol,110,1,0,1600,3,1050
"$8,750 ",65,"91,246",Petrol,86,1,0,1300,3,1015
"$9,500 ",58,"91,000",Petrol,110,1,0,1600,5,1075
"$8,450 ",68,"90,727",Petrol,110,0,0,1600,3,1050
"$8,490 ",62,"90,000",Petrol,110,0,0,1600,3,1050
"$8,750 ",60,"89,576",Petrol,110,0,0,1600,4,1035
"$9,750 ",64,"89,145",Petrol,86,1,0,1300,3,1025
"$9,950 ",63,"89,000",Petrol,110,1,0,1600,5,1085
"$8,500 ",68,"88,807",Petrol,110,0,0,1600,3,1050
"$8,450 ",63,"88,685",Petrol,110,0,0,1600,5,1070
"$7,900 ",62,"88,667",Petrol,110,1,0,1600,4,1040
"$8,750 ",57,"88,480",Petrol,110,1,0,1600,3,1050
"$7,950 ",61,"88,127",Petrol,86,0,0,1300,3,1015
"$6,900 ",62,"88,000",Petrol,86,0,0,1300,3,1020
"$8,150 ",65,"87,821",Petrol,86,1,0,1300,3,1015
"$10,995 ",59,"87,654",Petrol,86,1,1,1300,5,1065
"$8,900 ",59,"86,888",Petrol,110,1,0,1600,3,1050
"$9,500 ",59,"86,871",Petrol,86,1,0,1300,5,1040
"$8,950 ",68,"86,714",Petrol,110,1,0,1600,4,1035
"$11,500 ",65,"85,889",Petrol,110,0,0,1600,3,1065
"$10,450 ",62,"85,000",Petrol,110,1,0,1600,3,1050
"$10,500 ",60,"85,000",Petrol,86,1,0,1300,3,1025
"$9,250 ",68,"84,976",Petrol,110,1,0,1600,4,1035
"$10,950 ",65,"84,558",Petrol,110,1,0,1600,5,1120
"$10,450 ",62,"84,549",Petrol,110,0,0,1600,5,1075
"$9,250 ",68,"84,482",Petrol,110,1,0,1600,5,1075
"$8,750 ",62,"83,908",Petrol,110,1,0,1600,5,1070
"$8,750 ",67,"83,560",Petrol,86,0,0,1300,3,1015
"$9,800 ",68,"83,000",Petrol,107,1,1,1600,5,1100
"$8,250 ",64,"82,723",Petrol,86,0,0,1300,3,1015
"$10,450 ",62,"82,421",Petrol,110,1,0,1600,3,1065
"$9,750 ",58,"82,254",Petrol,110,0,0,1600,5,1050
"$8,950 ",61,"82,115",Petrol,110,1,0,1600,3,1055
"$7,450 ",65,"82,000",Petrol,86,1,0,1300,3,1015
"$8,450 ",68,"81,965",Petrol,86,1,0,1300,5,1035
"$8,250 ",66,"81,250",Petrol,110,0,0,1600,3,1050
"$10,950 ",65,"81,192",Petrol,110,1,0,1600,3,1065
"$8,950 ",61,"81,170",Petrol,110,1,0,1600,4,1040
"$8,750 ",66,"81,083",Petrol,86,0,0,1300,3,1015
"$10,450 ",61,"80,714",Petrol,110,1,0,1600,5,1075
"$10,950 ",57,"80,470",Petrol,110,0,0,1600,5,1085
"$8,450 ",65,"80,439",Petrol,110,1,0,1600,4,1035
"$9,950 ",59,"80,430",Petrol,110,1,0,1600,3,1065
"$9,950 ",68,"80,426",Petrol,110,1,0,1600,3,1055
"$8,750 ",62,"80,265",Petrol,86,0,0,1300,3,1015
"$9,950 ",65,"80,153",Petrol,110,0,0,1600,5,1070
"$9,500 ",68,"80,121",Petrol,110,0,0,1600,5,1070
"$8,250 ",65,"80,086",Petrol,110,1,0,1600,4,1035
"$10,950 ",62,"80,000",Petrol,110,0,0,1600,5,1075
"$7,950 ",60,"80,000",Petrol,86,0,0,1300,5,1015
"$8,250 ",65,"80,000",Petrol,86,1,0,1300,2,1015
"$9,895 ",67,"79,858",Petrol,110,1,0,1600,4,1040
"$9,130 ",67,"79,762",Petrol,86,1,0,1300,3,1015
"$10,950 ",59,"79,660",Petrol,86,0,1,1300,5,1065
"$10,500 ",60,"79,150",Petrol,110,1,0,1600,5,1075
"$8,900 ",61,"79,000",Petrol,110,1,0,1600,3,1050
"$9,500 ",57,"78,955",Petrol,86,1,0,1300,5,1045
"$10,950 ",59,"78,750",Diesel,90,1,0,1975,5,1155
"$7,950 ",68,"78,521",Petrol,86,0,0,1300,3,1015
"$7,950 ",64,"78,356",Petrol,86,1,0,1300,3,1015
"$7,950 ",65,"78,076",Petrol,86,1,0,1300,3,1015
"$9,500 ",61,"78,063",Petrol,107,1,1,1600,5,1100
"$10,950 ",67,"77,821",Petrol,110,1,0,1600,5,1075
"$9,750 ",68,"77,695",Petrol,110,1,0,1600,4,1035
"$9,750 ",65,"77,500",Petrol,110,1,0,1600,3,1050
"$9,450 ",63,"77,457",Petrol,110,1,0,1600,3,1055
"$8,950 ",68,"77,029",Petrol,86,1,0,1300,3,1015
"$8,950 ",68,"77,008",Petrol,86,1,0,1300,3,1015
"$8,900 ",66,"76,791",Petrol,110,1,0,1600,5,1070
"$9,950 ",61,"76,700",Petrol,86,1,0,1300,5,1035
"$8,750 ",67,"76,569",Petrol,86,1,0,1300,3,1020
"$8,950 ",59,"76,162",Petrol,110,1,0,1600,5,1075
"$8,990 ",65,"76,155",Petrol,110,1,0,1600,4,1035
"$8,950 ",61,"75,609",Petrol,86,1,0,1300,3,1015
"$8,950 ",62,"75,569",Diesel,72,1,0,2000,3,1120
"$9,950 ",67,"75,429",Petrol,110,1,0,1600,3,1065
"$9,900 ",68,"75,000",Petrol,110,1,0,1600,5,1075
"$8,950 ",65,"75,000",Petrol,86,0,0,1300,3,1015
"$8,950 ",62,"75,000",Petrol,110,1,0,1600,5,1070
"$9,500 ",66,"74,963",Petrol,107,0,1,1600,3,1085
"$7,950 ",68,"74,889",Petrol,86,1,0,1300,3,1015
"$7,750 ",68,"74,875",Petrol,110,0,0,1600,5,1070
"$8,950 ",63,"74,747",Petrol,110,1,0,1600,5,1075
"$11,950 ",60,"74,720",Petrol,110,1,0,1600,5,1085
"$8,950 ",62,"74,457",Petrol,110,0,0,1600,5,1075
"$11,950 ",60,"74,337",Petrol,86,0,0,1300,5,1035
"$8,950 ",68,"74,308",Petrol,110,0,0,1600,3,1050
"$9,950 ",64,"74,193",Petrol,110,0,0,1600,3,1050
"$8,250 ",65,"74,179",Petrol,110,1,0,1600,3,1050
"$8,995 ",67,"73,936",Petrol,86,1,0,1300,5,1050
"$9,995 ",61,"73,894",Petrol,110,1,0,1600,3,1065
"$9,250 ",64,"73,500",Petrol,110,1,0,1600,3,1050
"$10,950 ",64,"73,376",Petrol,110,0,0,1600,5,1070
"$8,900 ",64,"73,300",Petrol,86,1,0,1300,3,1015
"$9,500 ",58,"73,172",Petrol,110,1,0,1600,5,1075
"$9,950 ",58,"72,928",Petrol,110,1,0,1600,5,1075
"$7,950 ",67,"72,880",Petrol,86,1,0,1332,3,1015
"$8,250 ",63,"72,522",Petrol,110,1,0,1600,3,1050
"$9,450 ",64,"72,000",Petrol,86,1,0,1300,3,1015
"$7,950 ",57,"72,000",Petrol,86,0,0,1300,3,1015
"$9,500 ",59,"71,366",Petrol,110,0,0,1600,3,1065
"$8,950 ",65,"71,317",Petrol,110,0,0,1600,3,1050
"$10,950 ",62,"71,000",Petrol,110,0,0,1600,5,1070
"$8,950 ",60,"70,954",Petrol,110,0,0,1600,3,1050
"$9,450 ",63,"70,908",Petrol,86,0,0,1300,5,1035
"$8,000 ",58,"70,560",Petrol,110,1,0,1600,3,1050
"$9,900 ",67,"70,552",Petrol,110,0,0,1600,5,1075
"$8,950 ",62,"70,500",Petrol,110,1,0,1600,5,1035
"$10,900 ",60,"70,453",Diesel,72,0,0,2000,5,1135
"$9,450 ",59,"70,218",Petrol,110,1,0,1600,3,1050
"$8,450 ",64,"70,116",Petrol,110,1,0,1600,4,1035
"$9,500 ",65,"70,068",Petrol,110,1,0,1600,5,1075
"$10,500 ",67,"70,000",Petrol,107,1,1,1587,3,1065
"$6,950 ",68,"70,000",Petrol,86,1,0,1300,3,1015
"$9,750 ",68,"69,103",Petrol,110,0,0,1600,4,1035
"$6,950 ",58,"69,022",Petrol,86,1,0,1300,5,1035
"$9,650 ",67,"69,000",Petrol,110,1,0,1600,3,1065
"$9,950 ",68,"68,865",Petrol,110,1,0,1600,3,1065
"$9,250 ",58,"68,723",Petrol,86,0,0,1300,3,1025
"$8,950 ",63,"68,453",Petrol,110,1,0,1600,5,1070
"$9,900 ",63,"68,238",Petrol,86,0,0,1300,5,1050
"$10,995 ",63,"68,153",Petrol,110,1,0,1600,5,1085
"$10,500 ",65,"68,000",Petrol,110,0,0,1600,5,1075
"$8,950 ",65,"68,000",Petrol,86,1,0,1300,3,1015
"$9,750 ",67,"67,762",Petrol,110,1,0,1600,3,1065
"$10,950 ",68,"67,146",Petrol,110,1,0,1600,5,1075
"$9,750 ",67,"67,110",Petrol,86,1,0,1300,5,1035
"$9,950 ",59,"67,010",Petrol,110,1,0,1600,3,1065
"$10,500 ",65,"67,003",Petrol,110,1,0,1600,4,1035
"$10,400 ",68,"66,785",Petrol,86,0,1,1300,3,1045
"$8,800 ",68,"66,550",Petrol,86,0,0,1332,3,1010
"$10,500 ",61,"66,259",Petrol,110,1,0,1600,3,1065
"$9,250 ",62,"66,082",Petrol,110,0,0,1600,5,1070
"$7,800 ",65,"66,000",Petrol,86,1,0,1300,3,1015
"$9,950 ",61,"66,000",Petrol,110,0,0,1600,3,1050
"$10,750 ",63,"65,896",Petrol,110,1,0,1600,3,1065
"$10,950 ",67,"65,785",Petrol,110,1,0,1600,5,1075
"$9,950 ",65,"65,513",Petrol,110,1,1,1600,4,1070
"$9,950 ",59,"65,463",Petrol,110,1,0,1600,5,1070
"$8,100 ",68,"65,400",Petrol,86,1,0,1300,4,1000
"$9,250 ",60,"65,259",Petrol,110,1,0,1600,3,1050
"$7,800 ",64,"65,000",Petrol,110,1,0,1600,3,1050
"$9,000 ",68,"65,000",Petrol,110,0,0,1600,5,1070
"$8,950 ",57,"65,000",Petrol,110,0,0,1600,4,1035
"$8,950 ",62,"64,966",Petrol,86,0,0,1300,3,1020
"$9,950 ",68,"64,950",Petrol,110,1,0,1600,5,1075
"$8,500 ",60,"64,914",Petrol,110,1,0,1600,5,1070
"$7,995 ",62,"64,797",Petrol,110,1,0,1600,5,1075
"$8,750 ",65,"64,772",Petrol,110,1,0,1600,3,1050
"$9,750 ",63,"64,690",Petrol,86,0,0,1300,3,1020
"$10,950 ",65,"64,630",Petrol,110,0,0,1600,5,1070
"$9,750 ",67,"64,613",Petrol,110,1,0,1600,5,1085
"$8,200 ",60,"64,383",Petrol,86,0,0,1300,3,1015
"$8,950 ",68,"64,000",Petrol,110,0,0,1600,5,1075
"$9,500 ",66,"63,881",Petrol,86,0,0,1300,3,1015
"$10,950 ",58,"63,870",Diesel,72,0,0,2000,5,1135
"$9,750 ",66,"63,328",Petrol,86,0,1,1300,5,1065
"$9,950 ",65,"63,000",Petrol,86,1,1,1300,5,1065
"$10,450 ",61,"63,000",Petrol,86,0,1,1300,3,1050
"$9,850 ",65,"62,396",Petrol,110,0,0,1600,3,1050
"$9,450 ",62,"62,377",Petrol,110,1,0,1600,5,1075
"$10,295 ",67,"62,316",Petrol,110,1,0,1600,3,1050
"$9,750 ",68,"62,292",Petrol,110,1,0,1600,3,1065
"$8,950 ",65,"62,225",Petrol,110,1,0,1600,3,1050
"$9,900 ",68,"62,222",Petrol,110,0,0,1600,5,1075
"$8,750 ",66,"62,135",Petrol,86,1,0,1300,5,1035
"$9,950 ",58,"62,024",Petrol,110,1,0,1600,5,1075
"$8,500 ",60,"61,977",Petrol,86,1,0,1300,3,1015
"$9,950 ",62,"61,930",Petrol,110,1,0,1600,4,1035
"$10,950 ",57,"61,682",Petrol,110,0,0,1600,3,1050
"$9,795 ",68,"61,568",Petrol,110,1,0,1600,4,1035
"$8,750 ",68,"61,504",Petrol,110,1,0,1600,4,1035
"$8,250 ",65,"61,384",Petrol,110,1,0,1600,3,1050
"$9,950 ",58,"61,343",Petrol,110,1,0,1600,5,1075
"$9,950 ",62,"61,254",Petrol,110,0,0,1600,5,1075
"$10,500 ",59,"61,166",Petrol,110,1,0,1600,3,1050
"$9,750 ",62,"61,149",Petrol,86,1,0,1300,5,1040
"$11,250 ",61,"61,144",Petrol,110,1,0,1600,5,1090
"$8,900 ",59,"61,127",Petrol,110,1,0,1600,3,1050
"$7,950 ",60,"61,100",Petrol,86,1,0,1300,3,1015
"$11,500 ",68,"61,100",Petrol,110,1,0,1600,5,1075
"$9,450 ",57,"61,000",Petrol,110,1,0,1600,3,1050
"$7,995 ",65,"60,724",Petrol,86,1,0,1300,3,1015
"$10,995 ",59,"60,708",Petrol,86,1,0,1300,5,1045
"$8,950 ",61,"60,532",Petrol,110,1,0,1600,3,1050
"$8,250 ",67,"60,000",Petrol,86,0,1,1300,4,1030
"$8,950 ",66,"60,000",Petrol,86,1,0,1300,3,1015
"$8,950 ",65,"60,000",Petrol,86,1,0,1300,3,1015
"$9,500 ",62,"59,295",Petrol,86,0,0,1300,5,1035
"$7,500 ",65,"59,264",Petrol,86,0,0,1300,3,1015
"$8,950 ",63,"59,000",Petrol,110,0,0,1600,3,1050
"$9,950 ",63,"59,000",Petrol,86,1,0,1300,5,1035
"$9,750 ",65,"59,000",Petrol,110,0,0,1600,5,1075
"$9,450 ",61,"59,000",Petrol,110,1,0,1600,5,1070
"$9,950 ",65,"59,000",Petrol,110,0,0,1600,3,1050
"$9,750 ",68,"58,860",Petrol,110,1,0,1600,3,1055
"$8,950 ",65,"58,829",Petrol,110,0,0,1600,3,1050
"$8,250 ",66,"58,654",Petrol,110,1,0,1600,5,1070
"$7,750 ",65,"58,300",Petrol,86,1,0,1300,3,1015
"$8,950 ",60,"58,269",Petrol,110,1,0,1600,3,1050
"$9,950 ",64,"58,136",Petrol,110,1,0,1600,5,1075
"$9,450 ",66,"58,113",Petrol,107,1,1,1600,3,1085
"$12,950 ",67,"58,058",Petrol,110,1,0,1600,3,1065
"$9,950 ",58,"58,000",Petrol,110,1,0,1600,3,1050
"$10,495 ",62,"58,000",Petrol,110,1,0,1600,3,1065
"$7,950 ",68,"57,565",Petrol,86,1,0,1300,5,1035
"$10,500 ",63,"57,413",Petrol,107,0,1,1600,5,1115
"$8,950 ",65,"57,374",Petrol,110,1,0,1600,5,1075
"$9,900 ",62,"57,179",Petrol,110,1,0,1600,5,1075
"$9,995 ",61,"57,169",Petrol,110,1,0,1600,3,1065
"$9,950 ",63,"57,124",Petrol,110,1,0,1600,3,1065
"$9,950 ",63,"57,000",Petrol,110,1,0,1600,3,1050
"$8,250 ",67,"57,000",Petrol,110,0,0,1600,3,1050
"$9,950 ",63,"57,000",Petrol,86,1,0,1300,5,1035
"$8,950 ",59,"56,259",Petrol,86,0,0,1300,3,1015
"$10,950 ",62,"56,209",Petrol,107,1,1,1600,3,1080
"$9,250 ",67,"56,074",Petrol,86,0,0,1300,4,1000
"$9,950 ",63,"55,942",Petrol,110,1,0,1600,5,1070
"$9,995 ",57,"55,844",Petrol,86,1,0,1300,5,1045
"$8,750 ",61,"55,747",Petrol,86,0,0,1300,3,1020
"$10,950 ",58,"55,478",Petrol,86,0,0,1300,5,1045
"$10,350 ",60,"55,085",Petrol,107,0,1,1600,5,1105
"$9,950 ",65,"55,061",Petrol,110,1,0,1600,5,1070
"$8,950 ",65,"55,000",Petrol,86,1,0,1300,3,1015
"$10,950 ",57,"55,000",Petrol,110,0,0,1600,5,1075
"$10,950 ",63,"54,936",Petrol,110,1,0,1600,5,1075
"$8,950 ",68,"54,875",Petrol,110,1,0,1600,5,1070
"$8,900 ",67,"54,847",Petrol,110,0,0,1600,3,1050
"$10,250 ",60,"54,554",Petrol,110,1,0,1600,3,1065
"$9,450 ",61,"54,125",Petrol,110,1,0,1600,5,1035
"$9,250 ",61,"54,000",Petrol,110,1,0,1600,3,1055
"$10,500 ",57,"54,000",Petrol,110,1,0,1600,5,1075
"$7,350 ",58,"54,000",Petrol,86,0,0,1300,5,1035
"$10,250 ",57,"54,000",Petrol,110,1,0,1600,3,1135
"$10,250 ",62,"53,285",Petrol,110,1,0,1600,5,1075
"$11,500 ",65,"53,053",Petrol,110,1,0,1600,5,1075
"$8,950 ",68,"53,000",Petrol,110,1,1,1587,3,1075
"$7,750 ",68,"53,000",Petrol,86,0,0,1300,3,1015
"$9,500 ",64,"52,968",Petrol,110,1,0,1600,3,1050
"$8,450 ",67,"52,800",Petrol,86,1,0,1300,3,1015
"$8,950 ",57,"52,548",Petrol,110,0,0,1600,3,1050
"$8,400 ",60,"52,487",Petrol,110,1,0,1600,4,1035
"$9,250 ",66,"52,383",Petrol,86,0,0,1300,3,1015
"$8,900 ",61,"52,112",Petrol,110,1,0,1600,4,1035
"$8,750 ",58,"51,712",Petrol,110,0,0,1600,3,1050
"$10,950 ",58,"51,421",Petrol,110,0,1,1600,5,1105
"$8,950 ",61,"51,235",Petrol,86,1,0,1300,4,1000
"$8,950 ",65,"51,000",Petrol,86,1,0,1300,3,1015
"$8,895 ",61,"50,925",Petrol,110,1,0,1600,5,1070
"$9,390 ",66,"50,806",Petrol,86,0,0,1300,3,1480
"$8,750 ",59,"50,469",Petrol,110,1,0,1600,5,1070
"$9,750 ",61,"50,173",Petrol,110,1,0,1600,5,1075
"$9,950 ",62,"50,000",Petrol,110,1,0,1600,5,1075
"$10,950 ",65,"49,942",Petrol,110,0,0,1600,3,1065
"$9,900 ",67,"49,585",Petrol,110,0,0,1600,5,1085
"$9,500 ",62,"49,258",Petrol,110,1,0,1600,4,1035
"$9,950 ",61,"49,000",Petrol,110,0,0,1600,3,1050
"$9,950 ",63,"48,738",Petrol,110,0,0,1600,5,1055
"$10,500 ",62,"47,750",Petrol,86,1,0,1300,5,1040
"$9,950 ",63,"47,612",Petrol,86,0,0,1300,3,1015
"$10,495 ",68,"47,500",Petrol,86,1,0,1300,5,1035
"$9,500 ",66,"47,237",Petrol,110,0,0,1600,3,1050
"$8,500 ",58,"47,171",Petrol,86,1,0,1300,3,1015
"$10,450 ",60,"47,060",Petrol,110,0,0,1600,4,1035
"$8,950 ",65,"47,014",Petrol,86,1,0,1300,3,1015
"$9,900 ",59,"46,929",Petrol,86,1,0,1300,3,1025
"$8,900 ",63,"46,000",Petrol,86,0,0,1300,5,1035
"$8,745 ",65,"45,681",Petrol,110,0,0,1600,3,1050
"$8,750 ",65,"45,549",Petrol,86,1,0,1300,3,1015
"$10,750 ",57,"45,000",Petrol,110,1,0,1600,5,1050
"$9,750 ",57,"45,000",Petrol,110,1,0,1600,3,1050
"$8,850 ",65,"45,000",Petrol,110,0,0,1600,5,1075
"$7,950 ",66,"45,000",Petrol,86,1,0,1300,5,1035
"$9,450 ",63,"45,000",Petrol,110,1,0,1600,4,1035
"$9,950 ",61,"45,000",Petrol,107,0,1,1600,3,1085
"$8,250 ",63,"44,944",Petrol,110,1,0,1600,4,1035
"$9,950 ",61,"44,597",Petrol,86,0,0,1300,3,1015
"$9,995 ",68,"44,458",Petrol,86,0,0,1300,3,1015
"$9,950 ",59,"43,818",Petrol,110,0,0,1600,5,1070
"$10,495 ",60,"43,426",Petrol,110,1,0,1600,5,1070
"$7,950 ",58,"43,000",CNG,110,1,1,1600,4,1114
"$8,950 ",68,"43,000",Petrol,110,1,0,1600,5,1035
"$9,695 ",57,"43,000",Petrol,110,0,0,1600,5,1075
"$7,750 ",64,"43,000",Petrol,86,0,0,1300,3,1015
"$9,950 ",68,"42,750",Petrol,110,1,0,1600,3,1050
"$9,950 ",67,"42,102",Petrol,110,1,0,1600,5,1075
"$9,950 ",63,"41,586",Petrol,110,1,0,1600,5,1114
"$9,900 ",64,"41,200",Petrol,110,0,0,1600,5,1070
"$10,950 ",57,"40,214",Petrol,86,0,0,1300,3,1025
"$8,950 ",60,"40,000",Petrol,86,1,0,1300,4,1000
"$8,950 ",66,"39,222",Petrol,86,1,1,1300,3,1045
"$8,250 ",66,"39,144",Petrol,110,1,0,1600,3,1050
"$10,250 ",62,"39,000",Petrol,110,1,0,1600,5,1075
"$8,750 ",61,"38,019",Petrol,110,1,0,1600,5,1070
"$9,750 ",68,"37,759",Petrol,110,1,0,1600,5,1070
"$10,950 ",61,"37,500",Petrol,110,0,0,1600,5,1085
"$10,950 ",60,"37,111",Petrol,110,1,0,1600,3,1050
"$9,750 ",62,"37,000",Petrol,86,0,0,1300,3,1015
"$8,900 ",59,"36,954",Petrol,110,1,0,1600,3,1050
"$9,500 ",60,"36,943",Petrol,110,0,0,1600,5,1070
"$9,950 ",63,"36,923",Petrol,86,0,0,1300,5,1050
"$9,950 ",66,"36,658",Petrol,110,0,0,1600,3,1050
"$8,250 ",65,"36,000",Petrol,86,1,0,1300,3,1015
"$10,450 ",65,"36,000",Petrol,110,1,0,1600,3,1065
"$10,950 ",62,"35,512",Petrol,110,1,0,1600,3,1065
"$9,250 ",65,"35,283",Petrol,86,1,0,1300,3,1015
"$8,900 ",68,"35,000",Petrol,110,1,0,1600,3,1050
"$10,900 ",57,"35,000",Petrol,86,1,0,1300,5,1045
"$9,750 ",64,"34,114",Petrol,110,0,0,1600,3,1050
"$11,950 ",58,"34,000",Petrol,110,0,0,1600,5,1075
"$7,900 ",68,"33,847",Petrol,86,1,0,1300,4,1000
"$10,900 ",57,"33,535",Petrol,110,0,0,1600,4,1035
"$10,450 ",65,"33,000",Petrol,110,0,0,1600,3,1050
"$10,950 ",59,"32,150",Petrol,110,1,0,1600,5,1085
"$9,950 ",65,"31,588",Petrol,86,1,0,1300,3,1015
"$10,750 ",60,"31,480",Petrol,110,1,0,1600,3,1065
"$9,900 ",57,"31,307",Petrol,110,1,0,1600,5,1070
"$10,750 ",68,"31,000",Petrol,110,1,0,1600,4,1035
"$10,450 ",58,"30,634",Petrol,110,1,0,1600,5,1075
"$9,450 ",68,"30,300",Petrol,86,1,0,1300,4,1000
"$10,750 ",60,"28,500",Petrol,86,1,1,1300,3,1045
"$10,950 ",60,"28,500",Petrol,110,0,0,1600,5,1075
"$10,000 ",57,"28,000",Petrol,86,0,0,1300,3,1015
"$10,500 ",68,"26,698",Petrol,110,0,0,1600,3,1055
"$12,500 ",62,"26,000",Petrol,107,0,1,1600,3,1085
"$8,950 ",62,"25,505",Petrol,86,1,0,1300,5,1035
"$10,500 ",58,"25,000",Petrol,110,1,0,1600,5,1075
"$9,245 ",66,"22,835",Petrol,110,1,0,1600,3,1050
"$10,950 ",59,"22,705",Petrol,110,1,0,1600,5,1075
"$9,500 ",63,"22,178",Petrol,86,1,0,1300,3,1015
"$10,900 ",62,"17,345",Petrol,110,1,0,1600,3,1050
"$10,950 ",67,"15,535",Petrol,86,1,1,1300,4,1030
"$9,450 ",66,"15,110",Petrol,86,0,0,1300,5,1035
"$5,900 ",73,"232,940",Diesel,72,0,0,2000,5,1172
"$6,950 ",79,"218,118",Diesel,72,0,0,2000,5,1150
"$6,000 ",78,"217,764",Diesel,72,1,0,2000,5,1135
"$5,250 ",79,"207,114",CNG,110,1,0,1600,5,1114
"$4,400 ",74,"203,254",Diesel,72,1,0,2000,3,1135
"$6,750 ",77,"200,732",Diesel,72,1,0,2000,4,1100
"$8,500 ",69,"197,501",Diesel,72,0,0,2000,5,1135
"$6,150 ",80,"194,765",Diesel,72,0,0,2000,3,1120
"$6,950 ",76,"191,620",Diesel,72,0,0,2000,5,1150
"$5,750 ",76,"183,277",Diesel,72,0,0,2000,3,1115
"$8,750 ",78,"180,378",Diesel,72,1,0,2000,4,1100
"$6,500 ",70,"178,800",Diesel,72,0,0,2000,3,1115
"$5,950 ",73,"176,177",Petrol,110,1,0,1600,5,1075
"$6,500 ",78,"176,000",Petrol,86,0,0,1300,5,1035
"$10,500 ",77,"172,980",Diesel,72,1,0,2000,5,1135
"$8,500 ",77,"170,000",Diesel,72,0,0,2000,4,1100
"$7,950 ",71,"164,000",Petrol,110,1,0,1600,3,1050
"$5,800 ",78,"161,775",Petrol,86,1,0,1300,3,1015
"$6,750 ",80,"160,000",Petrol,86,0,0,1300,3,1015
"$6,950 ",78,"159,968",Diesel,72,0,0,2000,3,1115
"$5,740 ",74,"159,908",Petrol,110,0,0,1600,3,1050
"$6,550 ",73,"158,492",Petrol,86,0,0,1300,3,1015
"$8,950 ",69,"156,204",Diesel,72,1,0,2000,3,1115
"$6,750 ",73,"156,169",Petrol,86,1,0,1300,5,1035
"$7,950 ",78,"155,210",Petrol,110,0,0,1600,3,1050
"$7,950 ",69,"155,000",Diesel,72,0,0,2000,3,1115
"$7,450 ",76,"154,900",Diesel,72,1,0,2000,5,1140
"$7,750 ",70,"151,300",Diesel,72,1,0,2000,5,1150
"$6,450 ",71,"151,000",CNG,110,1,0,1600,5,1094
"$7,900 ",75,"150,000",Diesel,72,1,0,2000,3,1135
"$6,900 ",69,"146,304",Diesel,72,1,0,2000,3,1115
"$5,600 ",75,"146,197",Petrol,86,0,0,1300,3,1015
"$5,950 ",77,"145,996",Petrol,110,0,0,1600,4,1035
"$6,950 ",80,"143,560",Petrol,86,1,1,1300,3,1045
"$7,950 ",71,"139,145",Diesel,73,0,0,2000,2,1115
"$8,950 ",79,"138,500",Petrol,86,0,0,1300,5,1050
"$7,950 ",74,"137,741",Diesel,90,1,0,2000,5,1135
"$9,500 ",80,"137,178",Diesel,90,1,0,2000,5,1135
"$8,600 ",76,"134,889",Diesel,72,1,0,2000,3,1115
"$5,950 ",71,"134,660",Diesel,72,0,0,2000,5,1135
"$7,750 ",73,"134,539",Petrol,110,0,0,1600,5,1070
"$7,950 ",79,"131,500",Diesel,72,0,0,2000,5,1140
"$6,950 ",77,"131,307",Petrol,110,1,0,1600,3,1050
"$7,250 ",74,"130,025",Petrol,110,1,0,1600,3,1050
"$6,500 ",78,"130,000",Petrol,86,0,0,1300,5,1015
"$7,250 ",77,"128,960",Petrol,110,1,0,1600,5,1070
"$9,250 ",80,"128,351",Petrol,110,1,0,1600,5,1070
"$8,250 ",73,"128,006",Petrol,110,1,0,1600,3,1050
"$7,250 ",71,"127,159",Diesel,72,1,0,2000,3,1115
"$5,250 ",72,"126,478",Petrol,110,1,0,1600,4,1035
"$7,900 ",77,"126,000",Petrol,110,1,0,1600,5,1050
"$6,900 ",76,"125,778",Petrol,110,0,0,1600,3,1050
"$7,900 ",75,"125,400",Petrol,110,0,0,1600,3,1050
"$7,250 ",74,"124,910",Diesel,72,0,0,2000,5,1135
"$8,450 ",70,"124,743",Petrol,110,1,0,1600,3,1050
"$7,950 ",76,"124,591",Petrol,110,1,0,1600,5,1075
"$7,950 ",74,"124,057",Petrol,110,1,0,1600,3,1050
"$6,450 ",72,"123,403",Petrol,110,1,0,1600,3,1050
"$6,650 ",75,"123,104",Petrol,110,1,0,1600,5,1070
"$7,950 ",74,"123,077",Petrol,86,1,0,1300,3,1015
"$7,250 ",80,"122,820",Petrol,86,0,0,1300,5,1040
"$7,450 ",77,"122,290",Petrol,110,0,0,1600,3,1050
"$7,950 ",74,"121,900",Petrol,110,1,0,1600,4,1035
"$7,250 ",77,"121,545",Petrol,110,1,0,1600,5,1070
"$8,250 ",71,"120,474",Diesel,72,1,0,2000,3,1115
"$8,950 ",76,"120,263",Diesel,72,1,0,2000,5,1135
"$7,750 ",74,"120,196",Petrol,110,1,0,1600,3,1050
"$8,500 ",71,"120,000",Petrol,110,0,0,1600,5,1085
"$7,750 ",78,"120,000",Petrol,110,0,0,1600,5,1075
"$5,750 ",73,"115,877",Petrol,110,0,0,1600,4,1035
"$6,900 ",76,"115,345",Petrol,110,1,0,1600,5,1070
"$6,500 ",71,"115,157",Petrol,110,1,0,1600,3,1050
"$6,500 ",78,"115,000",Petrol,107,1,1,1600,5,1100
"$7,600 ",77,"114,258",Petrol,86,1,0,1300,5,1050
"$8,950 ",73,"112,963",Diesel,72,1,0,2000,5,1135
"$7,450 ",74,"112,307",Petrol,110,1,0,1600,5,1070
"$7,350 ",72,"112,000",Petrol,86,1,0,1300,3,1015
"$7,750 ",73,"111,602",Petrol,86,1,0,1300,3,1015
"$7,460 ",80,"111,392",CNG,110,0,0,1598,3,1083
"$9,250 ",76,"110,901",Petrol,110,1,0,1600,5,1085
"$7,250 ",80,"110,887",Petrol,110,1,0,1600,3,1055
"$6,500 ",72,"110,634",Petrol,86,1,0,1300,3,1015
"$6,800 ",80,"110,000",Petrol,110,1,0,1600,4,1035
"$8,700 ",75,"109,540",Petrol,110,0,0,1600,5,1085
"$7,500 ",78,"109,263",Petrol,110,0,0,1600,5,1070
"$7,750 ",71,"107,516",Petrol,110,1,0,1600,3,1050
"$7,950 ",73,"107,108",Petrol,110,1,0,1600,3,1050
"$9,950 ",75,"107,000",Petrol,110,1,0,1600,3,1050
"$6,640 ",74,"106,250",Petrol,110,0,0,1600,5,1070
"$8,750 ",71,"106,150",Petrol,86,0,0,1300,3,1015
"$7,750 ",72,"106,108",Petrol,110,1,0,1600,3,1050
"$5,950 ",72,"105,856",Petrol,86,0,0,1300,3,1015
"$6,750 ",77,"105,152",Petrol,86,0,0,1300,3,1015
"$6,500 ",80,"105,135",Petrol,110,1,0,1600,3,1050
"$8,750 ",76,"104,344",Petrol,110,1,0,1600,3,1050
"$7,950 ",74,"104,150",Petrol,110,1,0,1600,3,1050
"$6,750 ",74,"104,000",Petrol,86,1,0,1300,3,1010
"$7,950 ",73,"103,121",Petrol,86,1,0,1300,5,1035
"$7,950 ",80,"102,300",Petrol,86,1,0,1300,3,1015
"$8,950 ",75,"102,005",Petrol,107,1,1,1600,5,1105
"$7,750 ",77,"102,000",Petrol,86,1,0,1300,3,1015
"$6,450 ",75,"101,855",Petrol,110,1,0,1600,5,1070
"$6,900 ",74,"101,773",Petrol,110,0,0,1600,3,1050
"$8,450 ",75,"101,159",Petrol,110,1,0,1600,5,1085
"$6,750 ",74,"101,000",Petrol,86,0,0,1300,3,1015
"$8,050 ",74,"100,732",Petrol,86,1,1,1300,4,1030
"$9,500 ",79,"100,719",Petrol,110,0,0,1600,5,1070
"$7,750 ",78,"100,487",Petrol,110,0,0,1600,4,1035
"$8,500 ",80,"100,458",Petrol,110,0,0,1600,5,1085
"$7,795 ",75,"100,192",Petrol,110,1,0,1600,3,1050
"$6,490 ",80,"100,123",Petrol,110,1,0,1600,3,1050
"$7,950 ",73,"99,971",Petrol,110,1,0,1600,3,1050
"$6,425 ",79,"99,397",Petrol,86,0,0,1300,5,1035
"$8,950 ",69,"99,374",Petrol,86,1,0,1300,5,1035
"$6,950 ",72,"99,245",Petrol,110,1,0,1600,5,1114
"$8,750 ",79,"98,742",Petrol,110,0,0,1600,5,1085
"$8,450 ",71,"98,154",Petrol,110,1,0,1600,3,1050
"$7,950 ",77,"98,000",Petrol,110,1,0,1600,5,1065
"$7,950 ",80,"97,548",Petrol,86,0,0,1300,5,1035
"$8,900 ",78,"97,534",Petrol,110,1,0,1600,5,1070
"$8,950 ",73,"97,494",Petrol,110,1,0,1600,5,1085
"$8,900 ",73,"97,085",Petrol,110,1,0,1600,5,1085
"$7,950 ",69,"97,000",Petrol,110,0,0,1600,4,1035
"$6,495 ",74,"96,302",Petrol,86,1,0,1300,3,1015
"$7,250 ",78,"96,000",Petrol,86,1,0,1300,3,1015
"$9,250 ",74,"96,000",Petrol,110,1,0,1600,5,1085
"$6,650 ",78,"95,909",Petrol,110,1,0,1600,5,1070
"$6,990 ",79,"95,700",Petrol,110,0,0,1600,5,1085
"$7,750 ",78,"95,651",Petrol,110,1,0,1600,5,1070
"$6,950 ",79,"95,000",Petrol,86,1,0,1300,5,1035
"$7,250 ",80,"94,447",Petrol,110,0,0,1600,3,1050
"$9,950 ",80,"94,079",Petrol,110,1,0,1600,5,1085
"$9,250 ",80,"93,841",Petrol,110,0,0,1600,5,1070
"$7,200 ",79,"93,090",Petrol,86,1,0,1300,5,1035
"$8,250 ",72,"93,066",Petrol,110,1,0,1600,5,1075
"$8,950 ",79,"93,039",Petrol,110,1,0,1600,3,1050
"$8,250 ",77,"93,000",Petrol,110,1,0,1600,5,1075
"$6,250 ",80,"92,830",Petrol,86,1,0,1300,3,1015
"$9,900 ",80,"92,255",Petrol,107,0,1,1600,5,1105
"$7,300 ",80,"92,096",Petrol,86,1,0,1300,5,1035
"$8,950 ",72,"91,921",Petrol,86,1,0,1300,3,1020
"$6,500 ",70,"91,900",Petrol,86,1,0,1300,3,1015
"$7,950 ",78,"91,399",Petrol,110,1,0,1600,5,1070
"$7,450 ",75,"91,082",Petrol,110,1,0,1600,3,1050
"$7,950 ",71,"90,370",Petrol,86,1,0,1300,5,1035
"$8,500 ",78,"90,345",Petrol,86,1,0,1300,5,1035
"$6,950 ",77,"90,305",Petrol,86,1,0,1300,3,1015
"$7,950 ",78,"90,011",Petrol,86,0,1,1300,3,1045
"$6,750 ",77,"90,000",Petrol,86,1,0,1300,3,1015
"$8,450 ",70,"89,983",Petrol,110,0,0,1600,3,1055
"$7,500 ",78,"89,953",Petrol,110,0,0,1600,5,1114
"$8,750 ",74,"89,800",Diesel,72,1,0,2000,3,1115
"$8,750 ",79,"89,739",Petrol,86,1,0,1300,5,1035
"$8,950 ",76,"89,520",Petrol,110,1,0,1600,3,1050
"$7,450 ",75,"89,507",Petrol,86,0,0,1300,3,1015
"$9,200 ",69,"89,096",Petrol,110,1,0,1600,5,1085
"$8,950 ",74,"88,700",Petrol,110,1,0,1600,3,1050
"$7,850 ",72,"88,500",Petrol,110,1,0,1600,5,1075
"$6,950 ",73,"88,186",Diesel,72,1,0,2000,3,1115
"$7,200 ",75,"88,000",Petrol,110,1,0,1600,3,1050
"$7,450 ",78,"87,743",Petrol,110,0,0,1600,3,1055
"$6,750 ",75,"87,613",Petrol,86,0,0,1300,3,1015
"$7,500 ",73,"87,358",Petrol,110,1,0,1600,3,1050
"$7,450 ",72,"87,083",Petrol,110,0,0,1600,4,1035
"$7,950 ",70,"87,000",Petrol,110,1,0,1600,4,1035
"$7,250 ",78,"87,000",Petrol,110,1,0,1600,4,1035
"$7,950 ",73,"87,000",Petrol,86,1,0,1300,3,1015
"$8,250 ",80,"87,000",Petrol,86,1,0,1300,3,1015
"$8,250 ",72,"86,860",Petrol,110,0,0,1600,5,1075
"$6,750 ",80,"86,109",Petrol,110,1,0,1600,3,1055
"$8,750 ",79,"86,000",Petrol,86,1,0,1300,5,1040
"$8,950 ",80,"86,000",Petrol,110,0,0,1600,3,1050
"$8,500 ",70,"85,864",Diesel,72,1,0,2000,5,1135
"$8,250 ",80,"85,565",Petrol,110,0,0,1600,5,1070
"$9,450 ",70,"85,470",Petrol,107,0,1,1600,3,1080
"$7,950 ",73,"85,200",Petrol,110,1,0,1600,3,1050
"$7,900 ",70,"85,000",Petrol,110,1,0,1600,3,1055
"$8,500 ",73,"84,988",Petrol,110,1,0,1600,3,1050
"$8,250 ",79,"84,966",Petrol,110,0,0,1600,5,1070
"$8,250 ",76,"84,472",Petrol,110,1,0,1600,5,1070
"$8,950 ",73,"84,402",Petrol,110,1,0,1600,4,1035
"$7,950 ",74,"84,123",Petrol,110,0,0,1600,3,1050
"$6,950 ",80,"84,000",Petrol,110,0,0,1600,5,1075
"$7,250 ",78,"84,000",Petrol,110,1,0,1600,5,1065
"$7,750 ",77,"84,000",Petrol,110,1,0,1600,5,1085
"$8,700 ",75,"83,850",Petrol,110,1,0,1600,3,1055
"$8,950 ",80,"83,540",Petrol,110,1,0,1600,5,1070
"$6,750 ",76,"83,405",Petrol,110,1,0,1600,5,1070
"$7,500 ",71,"83,291",Petrol,110,1,0,1600,5,1070
"$7,950 ",69,"83,133",Petrol,86,0,0,1300,3,1015
"$8,950 ",71,"83,047",Petrol,86,1,1,1300,3,1045
"$7,950 ",71,"82,700",Petrol,110,0,0,1600,3,1050
"$7,450 ",78,"82,675",Petrol,86,0,0,1300,3,1015
"$5,950 ",78,"82,595",Petrol,86,1,0,1300,3,1015
"$7,750 ",75,"82,256",Petrol,110,1,0,1600,3,1050
"$6,950 ",77,"82,103",Petrol,86,1,0,1300,3,1015
"$8,750 ",80,"82,021",Petrol,86,1,0,1300,5,1035
"$8,950 ",71,"82,000",Petrol,110,1,0,1600,5,1075
"$7,495 ",79,"81,988",Petrol,110,1,0,1600,5,1070
"$7,750 ",76,"81,930",Petrol,110,0,0,1600,5,1070
"$6,950 ",70,"81,663",Petrol,110,0,0,1600,3,1050
"$7,990 ",77,"80,486",Petrol,110,1,0,1600,5,1070
"$7,250 ",78,"80,000",Petrol,110,1,0,1600,4,1065
"$6,900 ",69,"79,000",Petrol,86,0,0,1300,3,1015
"$7,750 ",74,"78,894",Petrol,110,0,0,1600,5,1070
"$7,250 ",78,"78,689",Petrol,110,0,0,1600,4,1035
"$8,950 ",77,"78,435",Petrol,86,0,0,1300,3,1015
"$8,500 ",71,"78,260",Petrol,110,0,0,1600,3,1050
"$7,950 ",72,"78,120",Petrol,110,1,0,1600,5,1075
"$6,950 ",77,"77,000",Petrol,86,0,0,1300,3,1015
"$8,000 ",78,"77,000",Petrol,110,0,0,1600,3,1050
"$7,950 ",75,"76,382",Petrol,110,1,0,1600,3,1055
"$8,500 ",76,"76,268",Petrol,86,1,0,1300,3,1015
"$7,490 ",73,"76,151",Petrol,86,1,0,1300,3,1015
"$8,250 ",80,"76,000",Petrol,110,0,0,1600,3,1050
"$9,250 ",71,"76,000",Petrol,110,1,0,1600,5,1070
"$7,950 ",72,"75,840",Petrol,86,0,0,1300,5,1035
"$9,500 ",77,"75,799",Petrol,110,1,0,1600,3,1050
"$8,950 ",72,"75,525",Petrol,110,1,0,1600,3,1114
"$8,450 ",78,"75,323",Petrol,86,1,0,1300,5,1050
"$7,995 ",79,"75,322",Petrol,110,1,0,1600,4,1115
"$8,750 ",78,"75,226",Petrol,110,0,0,1600,4,1035
"$5,950 ",71,"75,085",Petrol,86,0,0,1300,5,1035
"$8,500 ",73,"75,000",Petrol,110,0,0,1600,5,1075
"$8,950 ",69,"75,000",Petrol,86,1,0,1300,4,1000
"$8,750 ",69,"75,000",Petrol,86,1,0,1300,4,1000
"$7,600 ",78,"74,926",Petrol,110,1,0,1600,5,1075
"$7,145 ",80,"74,785",Petrol,110,1,0,1600,5,1070
"$8,450 ",69,"74,573",Petrol,110,1,0,1600,5,1085
"$5,950 ",75,"74,567",Petrol,86,1,0,1300,3,1015
"$9,000 ",80,"74,196",Petrol,110,0,0,1600,5,1075
"$7,250 ",80,"74,151",Petrol,110,1,0,1600,3,1050
"$7,400 ",75,"74,096",Petrol,110,1,0,1600,3,1050
"$8,800 ",79,"74,093",Petrol,110,1,0,1600,5,1075
"$7,750 ",71,"74,000",Petrol,110,0,0,1600,3,1050
"$7,500 ",75,"74,000",Petrol,86,1,0,1300,3,1015
"$8,450 ",78,"73,638",Petrol,86,1,1,1300,4,1015
"$7,400 ",75,"73,460",Petrol,110,1,0,1600,5,1070
"$7,500 ",80,"73,200",Petrol,110,1,0,1600,5,1070
"$8,950 ",76,"73,116",Petrol,110,1,0,1600,5,1075
"$8,950 ",70,"73,014",Petrol,110,1,0,1600,5,1075
"$7,950 ",77,"72,703",Petrol,110,1,0,1600,3,1050
"$7,950 ",79,"72,328",Petrol,110,1,0,1600,5,1075
"$7,950 ",78,"72,222",Petrol,110,1,0,1600,5,1070
"$8,950 ",71,"72,128",Petrol,107,1,1,1600,5,1100
"$7,750 ",78,"72,090",Petrol,110,1,0,1600,5,1070
"$8,250 ",78,"72,000",Petrol,110,1,0,1600,4,1035
"$7,950 ",78,"72,000",Petrol,110,0,0,1600,3,1055
"$7,750 ",77,"71,900",Petrol,86,1,0,1300,3,1015
"$8,500 ",77,"71,825",Petrol,110,0,0,1600,5,1075
"$6,950 ",80,"71,740",Petrol,110,1,0,1600,5,1070
"$7,500 ",80,"71,500",Petrol,110,1,0,1600,4,1035
"$7,750 ",79,"71,359",Petrol,110,1,0,1600,3,1050
"$5,950 ",79,"71,263",Petrol,86,0,0,1300,3,1015
"$7,500 ",78,"71,186",Petrol,110,0,0,1600,3,1050
"$8,950 ",72,"71,054",Petrol,86,0,1,1300,3,1045
"$7,950 ",76,"71,000",Petrol,110,1,0,1600,3,1050
"$6,900 ",80,"70,939",Petrol,110,1,1,1600,5,1100
"$7,450 ",77,"70,932",Petrol,110,1,0,1600,3,1050
"$8,500 ",80,"70,597",Petrol,107,1,1,1600,3,1080
"$7,500 ",73,"70,482",Petrol,110,1,0,1600,5,1075
"$8,750 ",77,"70,124",Petrol,110,1,0,1600,3,1050
"$7,500 ",76,"70,039",Petrol,110,1,0,1600,3,1050
"$9,950 ",80,"69,904",Petrol,110,0,0,1600,5,1070
"$7,950 ",75,"69,388",Petrol,86,0,0,1300,3,1010
"$9,950 ",75,"69,320",Petrol,110,1,0,1600,5,1070
"$9,250 ",78,"69,000",Petrol,110,1,0,1600,5,1075
"$9,250 ",73,"68,988",Petrol,86,1,0,1300,5,1035
"$9,950 ",79,"68,945",Petrol,110,1,0,1600,5,1085
"$5,950 ",74,"68,285",Petrol,110,1,0,1600,3,1050
"$7,995 ",76,"68,000",Petrol,110,1,0,1600,5,1075
"$8,950 ",70,"68,000",Petrol,86,1,1,1300,3,1045
"$7,450 ",75,"67,451",Petrol,86,1,0,1300,4,1000
"$8,250 ",76,"67,266",Petrol,86,1,0,1300,5,1035
"$8,500 ",78,"67,255",Petrol,110,0,0,1600,5,1085
"$8,500 ",70,"67,100",Petrol,110,1,0,1600,5,1075
"$9,400 ",69,"67,092",Diesel,72,1,0,2000,3,1115
"$7,250 ",80,"66,880",Petrol,110,1,0,1600,3,1055
"$8,950 ",79,"66,855",Petrol,110,1,0,1600,5,1075
"$9,450 ",80,"66,843",Petrol,110,1,0,1600,5,1075
"$8,500 ",74,"66,718",Petrol,110,1,0,1600,3,1050
"$6,750 ",80,"66,168",Petrol,86,1,0,1300,3,1015
"$7,400 ",80,"65,950",Petrol,110,0,0,1600,5,1070
"$8,950 ",78,"65,500",Petrol,86,1,0,1300,3,1015
"$6,900 ",80,"65,307",Petrol,110,1,0,1600,3,1055
"$7,750 ",79,"65,254",Petrol,86,1,0,1300,3,1015
"$8,950 ",71,"65,021",Diesel,72,1,0,2000,3,1115
"$6,950 ",75,"65,006",Petrol,86,1,0,1300,3,1015
"$8,495 ",77,"64,280",Petrol,110,0,0,1600,4,1035
"$10,000 ",75,"64,000",Petrol,107,0,1,1600,3,1085
"$6,999 ",71,"64,000",Petrol,110,1,0,1600,5,1070
"$8,950 ",80,"64,000",Petrol,110,0,0,1600,3,1055
"$8,500 ",79,"63,918",Petrol,110,0,0,1600,4,1035
"$8,750 ",75,"63,634",Petrol,110,1,0,1600,4,1035
"$7,499 ",80,"63,500",Petrol,110,1,0,1600,3,1050
"$9,000 ",80,"63,266",Petrol,110,1,0,1600,4,1035
"$8,950 ",77,"62,595",Petrol,110,1,0,1600,3,1050
"$6,950 ",80,"62,581",Petrol,110,0,0,1600,5,1075
"$8,500 ",77,"62,285",Petrol,110,1,0,1600,5,1075
"$8,450 ",77,"61,906",Petrol,86,1,1,1300,5,1065
"$8,950 ",74,"61,700",Petrol,110,0,0,1600,5,1070
"$8,250 ",77,"61,648",Petrol,110,1,0,1600,5,1070
"$7,950 ",75,"61,626",Petrol,86,0,0,1300,5,1035
"$7,450 ",70,"61,510",Petrol,110,0,0,1600,4,1035
"$9,000 ",79,"61,165",Petrol,107,1,1,1600,3,1080
"$7,150 ",70,"61,000",Petrol,110,1,0,1600,4,1035
"$7,750 ",76,"60,833",Petrol,110,1,0,1600,4,1035
"$5,845 ",70,"60,600",Petrol,86,0,0,1300,3,1060
"$8,500 ",72,"60,483",Petrol,110,1,0,1600,5,1075
"$8,250 ",80,"60,476",Petrol,110,1,0,1600,5,1114
"$9,450 ",79,"60,142",Petrol,110,0,0,1600,3,1050
"$6,750 ",69,"60,050",Petrol,110,1,0,1600,3,1050
"$8,400 ",77,"60,000",Petrol,110,1,0,1600,3,1050
"$7,900 ",76,"60,000",Petrol,110,0,0,1600,3,1050
"$7,950 ",76,"59,815",Petrol,110,1,0,1587,3,1055
"$8,750 ",80,"59,326",Petrol,110,1,0,1600,5,1085
"$9,900 ",73,"59,240",Petrol,110,1,0,1600,3,1050
"$6,495 ",71,"59,164",Petrol,110,0,0,1600,4,1035
"$8,250 ",70,"59,017",Petrol,107,1,1,1600,3,1080
"$6,900 ",69,"58,952",Petrol,110,1,0,1600,3,1050
"$7,500 ",74,"58,454",Petrol,86,1,0,1300,3,1015
"$7,950 ",75,"58,341",Petrol,86,1,1,1300,4,1030
"$8,250 ",80,"58,267",Petrol,110,1,0,1600,5,1070
"$8,950 ",80,"58,000",Petrol,110,0,0,1600,3,1055
"$9,750 ",70,"57,829",Petrol,110,0,0,1600,3,1050
"$8,250 ",80,"57,787",Petrol,86,0,0,1300,3,1015
"$8,900 ",78,"57,628",Petrol,110,0,0,1600,5,1075
"$8,950 ",75,"57,537",Petrol,86,1,0,1300,5,1050
"$6,750 ",76,"57,263",Petrol,110,1,0,1600,3,1050
"$7,950 ",75,"57,144",Petrol,110,1,0,1600,5,1070
"$8,600 ",69,"57,096",Petrol,86,1,0,1300,3,1025
"$7,750 ",80,"57,000",Petrol,86,0,0,1300,4,1000
"$7,800 ",73,"56,566",Petrol,110,1,0,1600,3,1050
"$8,750 ",73,"56,307",Petrol,110,1,0,1600,3,1050
"$9,500 ",79,"56,214",Petrol,86,0,0,1300,3,1015
"$7,750 ",74,"56,132",Petrol,110,0,0,1600,4,1035
"$9,950 ",79,"55,425",Petrol,110,0,0,1600,5,1075
"$7,750 ",77,"54,439",Petrol,86,1,0,1300,3,1015
"$5,950 ",69,"53,809",Petrol,110,1,0,1600,3,1050
"$10,950 ",76,"53,133",Petrol,110,1,0,1600,5,1070
"$9,450 ",77,"52,900",Petrol,110,1,0,1600,4,1075
"$8,250 ",80,"52,700",Petrol,110,0,0,1600,3,1050
"$9,750 ",69,"52,320",Petrol,110,0,0,1600,5,1070
"$7,450 ",78,"52,287",Petrol,110,0,0,1600,5,1114
"$8,750 ",75,"52,000",Petrol,110,0,0,1600,5,1075
"$8,750 ",69,"52,000",Petrol,110,1,0,1600,3,1050
"$8,500 ",73,"52,000",Petrol,110,1,1,1600,4,1065
"$8,950 ",70,"51,874",Petrol,86,0,0,1300,4,1000
"$7,500 ",79,"49,827",Petrol,86,1,0,1300,5,1035
"$7,250 ",69,"49,640",Petrol,110,1,0,1600,4,1035
"$7,450 ",80,"49,580",Petrol,110,1,0,1600,4,1035
"$8,750 ",76,"49,170",Petrol,86,0,0,1300,3,1045
"$9,800 ",77,"48,838",Petrol,110,0,0,1600,3,1055
"$7,500 ",71,"48,576",Petrol,86,1,0,1300,3,1015
"$8,950 ",75,"48,400",Petrol,110,1,0,1600,5,1075
"$8,950 ",74,"48,242",Petrol,86,1,0,1300,5,1035
"$7,450 ",70,"47,955",Petrol,110,1,0,1600,5,1070
"$8,950 ",71,"47,633",Petrol,110,1,0,1600,5,1075
"$10,500 ",78,"47,400",Petrol,86,1,0,1300,5,1040
"$7,000 ",73,"47,360",Petrol,86,0,0,1300,3,1010
"$8,500 ",77,"45,507",Petrol,110,1,0,1600,3,1050
"$7,750 ",76,"45,410",Petrol,86,1,0,1300,5,1035
"$8,950 ",70,"44,850",Petrol,110,1,0,1600,3,1050
"$8,250 ",69,"44,826",Petrol,110,0,0,1600,5,1075
"$9,250 ",80,"44,444",Petrol,110,1,0,1600,3,1050
"$7,900 ",75,"43,720",Petrol,110,1,0,1600,5,1070
"$8,500 ",78,"43,622",Petrol,86,1,0,1300,4,1000
"$7,950 ",76,"43,532",Petrol,110,0,0,1600,5,1070
"$9,950 ",69,"42,800",Petrol,110,1,0,1600,3,1050
"$8,750 ",74,"42,317",Petrol,107,1,1,1600,5,1100
"$7,500 ",80,"42,186",Petrol,110,1,0,1600,3,1050
"$6,950 ",72,"42,000",Petrol,110,1,0,1600,3,1050
"$8,950 ",79,"40,093",Petrol,110,0,0,1600,5,1114
"$8,750 ",79,"39,800",Petrol,107,0,1,1600,3,1080
"$7,750 ",73,"39,168",Petrol,86,0,0,1300,3,1015
"$8,450 ",75,"38,945",Petrol,110,1,0,1600,3,1050
"$8,150 ",76,"36,537",Petrol,110,0,1,1600,4,1075
"$8,500 ",78,"36,000",Petrol,86,0,1,1300,3,1045
"$7,600 ",78,"36,000",Petrol,110,1,0,1600,3,1050
"$7,950 ",80,"35,821",Petrol,86,0,1,1300,3,1015
"$7,750 ",73,"34,717",Petrol,86,0,0,1300,3,1015
"$7,950 ",80,"34,000",Petrol,86,1,0,1300,4,1000
"$9,950 ",78,"30,964",Petrol,110,0,1,1600,3,1080
"$8,950 ",71,"29,000",Petrol,86,1,1,1300,3,1045
"$8,450 ",72,"26,000",Petrol,86,0,0,1300,3,1015
"$8,950 ",78,"24,000",Petrol,86,1,1,1300,5,1065
"$8,450 ",80,"23,000",Petrol,86,0,0,1300,3,1015
"$7,500 ",69,"20,544",Petrol,86,1,0,1300,3,1025
"$10,845 ",72,"19,000",Petrol,86,0,0,1300,3,1015
"$8,500 ",71,"17,016",Petrol,86,0,0,1300,3,1015
"$7,250 ",70,"16,916",Petrol,86,1,0,1300,3,1015
"$6,950 ",76,1,Petrol,110,0,0,1600,5,1114
